"semester,subject,ppts,pyqs,syllabus,channelName,playlistLink"

"Semester 2,Advance Calculus and Complex Analysis,""Unit 1|https://drive.google.com/file/d/10Vq6Zqdx2gPuSFNTDsiV6FibVzjAFLiw/view?usp=drive_link,Unit 1-2|https://drive.google.com/file/d/1R9bZhj7opa8B_AnQ4FffaYZC-J6CviWJ/view?usp=drive_link,Unit 2|https://drive.google.com/file/d/1tUO43xPAEGtP8iYLd5voY3Jlbyd6BMWE/view?usp=drive_link,Unit 3-4-5|https://drive.google.com/file/d/1mizhpcJQxds-IT-on6QkUz_htoZ6ZL-O/view?usp=drive_link,Unit 4-5|https://drive.google.com/file/d/1u0MBFlSa-DD1f5vHXpkWXlB-xyTYg3Dg/view?usp=drive_link"",""2023_JULY|https://drive.google.com/file/d/1t35dfKMdQe8Zwri7pVLV96I-JtXr2Z6t/view?usp=drive_link,2023_MAY|https://drive.google.com/file/d/1emXmIkDv9Cy7KIPaCufcThrS1g3mXMQZ/view?usp=drive_link,2024_MAY|https://drive.google.com/file/d/1G3GFrgy6dIogkqcsw0N5RVCHg4vOMv00/view?usp=drive_link"",""Syllabus|https://drive.google.com/file/d/1VWMDfaGjxpjBEwo0vVJdqqgpIXVdVjau/view?usp=drive_link"""

"Semester 1,Basic Civil and Mechanical,""Workshop record|https://drive.google.com/file/d/1vbJZCe3iXaQyn5R0F3pE7sVLl6N85sS1/view?usp=drive_link"","""",""Syllabus|https://drive.google.com/file/d/1t7RFFmB9uFXqx2FdJTFdMy86EdAnPYRG/view?usp=drive_link"""

"Semester 1,Biochemistry,""Unit 1|https://drive.google.com/file/d/1ND5Y46akp0TnInyVX9bQLO8q2dyZZUXZ/view?usp=sharing, Unit 2|https://drive.google.com/file/d/10YEv0W8C1u1KTJYRcUv7PuSakvsoMtQ6/view?usp=sharing, Unit 3|https://drive.google.com/file/d/1nu_oN-teD9r1zqszkO79f3bVoAwKx4gw/view?usp=sharing, Unit 4|https://drive.google.com/file/d/1eRTtZWtI1eiISuqhY8jVTOWKddrPvsfO/view?usp=sharing, Unit 5|https://drive.google.com/file/d/1Uuf9doNJ2JHAEbj8pydJr6uoi5XQciXT/view?usp=drive_link"",""2023_MAY|https://drive.google.com/file/d/1214LwpAQ80jkjP7IHVMf6WJLGhUVDdc0/view?usp=sharing,2023_DEC|https://drive.google.com/file/d/186KmK-zOhVLyLqYhCXZyKGeqN4CIKbD5/view?usp=drive_link,2024_MAY|https://drive.google.com/file/d/1o_6MbtYJt4IZgJOATukfTalKT_iP_Kk6/view?usp=drive_link"",""Syllabus|https://drive.google.com/file/d/1Lo0-BUpZjnvVTxZH8MiTSYU7MPv0TFYW/view?usp=sharing"""

"Semester 1,Biology,""Unit 1|https://drive.google.com/file/d/1zfHIzJjhZ3mb08vJOHkY-a40kaNudVDR/view?usp=sharing, Unit 2|https://drive.google.com/file/d/10yZpOndjGLNF60pjXC6I-aXqMLFE3zGs/view?usp=sharing, Unit 3|https://drive.google.com/file/d/1ECieJkVi3u7INqEBVwFaPzwMFs_Mjid2/view?usp=sharing, Unit 4|https://drive.google.com/file/d/1y3B9F5mxa2ffTIgmmBo_OZJezMoOrGda/view?usp=sharing, Unit 5|https://drive.google.com/file/d/1Oi7CitUDI3Q-tDHUFoAt1yONetGk3Tom/view?usp=sharing"",""2023_JAN|https://drive.google.com/file/d/1jDsfqHqhTagYBJnH1WDXwFFoNkI_Y9Sy/view?usp=sharing,2023_JUNE|https://drive.google.com/file/d/18Z_1KWRAfF4OI0xpCVge5ftD_4WZRxNq/view?usp=drive_link,2024_DEC|https://drive.google.com/file/d/1ywnQlhszf9AgkvaEYP2Z6Re28wqAsbZS/view?usp=drive_link,2025_MAY|https://drive.google.com/file/d/1-7PoUdymCT-a_yamzsoFL__N-lqMhzVh/view?usp=drive_link"",""Syllabus|https://drive.google.com/file/d/1MIMeIf3eQiR0WG5AAAcK-1RxU1isxWZt/view?usp=sharing"""

"Semester 1,Biomedical Sensor"

"Semester 1,Calculus and Linear Algebra,""Unit 1|https://drive.google.com/file/d/1tHEL5bOH46-NPKcPycXNioIXloxNaUHg/view?usp=drive_link, Unit 2|https://drive.google.com/file/d/1jETLzZr9AxWoQc2fgCH2dFYAvPy1TfAA/view?usp=drive_link, Unit 3|https://drive.google.com/file/d/1uj2EDEf5FgTrhvPa_ekxYwBUid7l3rKX/view?usp=drive_link, Unit 4|https://drive.google.com/file/d/1qAmV4X3bg3nqIdXz5uGKxjrDSe96NdMQ/view?usp=drive_link, Unit 5|https://drive.google.com/file/d/1mzfW7Qa9NCi9txPm0ZegbSFOXG6XGnvj/view?usp=drive_link"",""2023_JAN|https://drive.google.com/file/d/1EmDnoVEw8Mtf0qNpx4DeBM24RGty5ywS/view?usp=sharing, 2023_JUNE|https://drive.google.com/file/d/12_VrgilgPGb6Yry6ugGZU44vq0IUzKoB/view?usp=drive_link, 2023_JULY|https://drive.google.com/file/d/1hprnaEQDKoWJ4pBVD8D-gPk7PUeues0k/view?usp=drive_link, 2023_NOV|https://drive.google.com/file/d/1124rFwwbBW5idn6u-CQWLLbHxw4KFbd_/view?usp=drive_link, 2023_DEC|https://drive.google.com/file/d/1qUwoLhL0UU3GMpXE4j6qpXErCoqAqBUw/view?usp=sharing, 2024_JAN|https://drive.google.com/file/d/12Sgn6maltiFsSz3bDtWSc4MskuH8qEEK/view?usp=drive_link, 2024_MAY|https://drive.google.com/file/d/17JF0as2Kc6LKPJPSWXvtiSNKt0mD0nDm/view?usp=drive_link, 2024_JULY|https://drive.google.com/file/d/1veuqHr992i8wn56N2XREtm7BRpZImKpr/view?usp=drive_link, 2024_NOV|https://drive.google.com/file/d/1G6CoIPdOjHvvqLTYAKPQzeHKgsGf_oZ7/view?usp=sharing, 2025_MAY|https://drive.google.com/file/d/1cQbnmQZ8Z3fO8MQnbNlm00CzHimD2FLa/view?usp=drive_link, MCQs (Unit 1-5)|https://drive.google.com/file/d/18_qwZGMXvouZRK7hVHT8IYIVQAboy6BO/view?usp=sharing"",""Syllabus|https://drive.google.com/file/d/1TrJ4acv2qDW2ShCOx0uOGyxcwiLWZI_m/view?usp=sharing"",""Dr. E. Suresh"",""Unit 1|https://youtube.com/playlist?list=PLrhWE6dwHUei8J1MmzMG8tWE0Zbn7yi4E&si=DHDvh6urhwYi0hFf, Unit 2|https://youtube.com/playlist?list=PLrhWE6dwHUehyKmS--qiyKbK6nqfjBIYF&si=Q9_5qAFvEsSlowcd, Unit 3|https://youtube.com/playlist?list=PLrhWE6dwHUeiLzh_o2dD-HGD-yB2pKlo9&si=Ial3lG09KEQvtcTC, Unit 4|https://youtube.com/playlist?list=PLrhWE6dwHUegXKK-B4uUR1QPuwnzcXlK8&si=sR69bpMcUYs_6RRF, Unit 5|https://youtube.com/playlist?list=PLrhWE6dwHUegpsEnjr8dWHMRzCmD8TiFn&si=ZrexJisKZhQY1V-M"""

"Semester 2,Cell Biology,""Unit 1|https://drive.google.com/file/d/1cb13ilbUPHoIgdGujFLqvP4GTHFuqB4C/view?usp=sharing, Unit 2|https://drive.google.com/file/d/1DOOYlbxRNpa9VrigjvCQ_ieh0e1ENAff/view?usp=sharing, Unit 3|https://drive.google.com/file/d/1cW_sWmGHHV9svJB6w0n-wGplQ8wplxBo/view?usp=sharing, Unit 4|https://drive.google.com/file/d/1zR6KNWFUNYcaAdJrwA8JXtyE_5TopLO6/view?usp=sharing, Unit 5|https://drive.google.com/file/d/1hXHcBXO0mlH4FJ3GZiLJaWuL_VCG9_US/view?usp=sharing"",""2023_JUNE|https://drive.google.com/file/d/1Kinj1bcMr0mXjb-oNiwdBTBe7uYYE1di/view?usp=sharing,2025_MAY|https://drive.google.com/file/d/1A6_YBcPZj3dXljiOG0uA3mE2eYHLPjgq/view?usp=drive_link"",""Syllabus|https://drive.google.com/file/d/1H577eHoGKkwSwDWBJzMC8NFzzaBRJZIE/view?usp=drive_link"""

"Semester 2,Chemistry,""Lab Record|https://drive.google.com/file/d/12TkzHc2sNFRvpeWX78kY3JTXijKIjm_J/view?usp=sharing, Unit 1||CFT in a Octa and tetrahedral field|https://drive.google.com/file/d/1UVeLE7z_peumJURdxp9BLhlvN10xMgFn/view?usp=drive_link, CFT|https://drive.google.com/file/d/1S8eWGjbjugpVPyYtyZcVn1OvXTvif1Yh/view?usp=drive_link, Transitional Mentals and trends|https://drive.google.com/file/d/1QXcFFMbkILEevU_hum2Q3ODfWx1veTXN/view?usp=drive_link, Coordination Chem|https://drive.google.com/file/d/1d1gaEiG0v2r4mZGRe79WW6oGOOM3hMIL/view?usp=drive_link, Isomerism in Coordination Compound|https://drive.google.com/file/d/15J7vAL_W8P8RniivoGWDc9nefv8t_sN1/view?usp=drive_link, Penetration power of orbitals|https://drive.google.com/file/d/1FpYr4yn4qVCmnp5R_O8XBF5BrVbwwaXB/view?usp=drive_link, Slaters rule|https://drive.google.com/file/d/1EHEysr4Ugf9r7gkBfTZ5BhjOwtVliEMA/view?usp=drive_link, HSAB theory|https://drive.google.com/file/d/1rmjJ1y_0yhiCt0wgt0eMITsYqZ_iONUS/view?usp=drive_link, Ionization Energy & Electron Affinity|https://drive.google.com/file/d/1upQNCaQjHBp03XJ4OmTX2QLUjXdHi_u3/view?usp=drive_link, EA EN IE trend|https://drive.google.com/file/d/13SpqQJhfyb8CRGtoSOSpcD7xYmk-JlOb/view?usp=drive_link, Periodic trend|https://drive.google.com/file/d/1WOujo8cnbwXNSjUDaLY21ugwLzilgMTD/view?usp=drive_link, Unit 2||Corrosion|https://drive.google.com/file/d/1B3q4vWQpf2pcK1u7gjKEVkABJ_XXoH8i/view?usp=drive_link, Corrosion rj|https://drive.google.com/file/d/15lb2oozIh5mETwhsMs0_TrmNZqBBtURN/view?usp=drive_link, Thermodynamics notes|https://drive.google.com/file/d/1Se2YlKH2QE--xpbGISdSlzXnPBhO0t9R/view?usp=drive_link, Electrochemistry|https://drive.google.com/file/d/1L305u1tYzQDWS5K83qyGPIPaMPl2cCWZ/view?usp=drive_link, Thermodynamics|https://drive.google.com/file/d/18hAsVxJQ-p74LYZPbVEMCZG71hcyEeyW/view?usp=drive_link, Unit 3||Drugs & its classifications|https://drive.google.com/file/d/1gXcjgeSGkuSyOCm1KtP6Xh88a8sSdJOt/view?usp=drive_link, Absolute & Relative configuration|https://drive.google.com/file/d/1sdkwkhxbCDXPWUiOnPQ6dguiqCxl3fb4/view?usp=drive_link, Addition substitution & elimination rxn|https://drive.google.com/file/d/1ZIkNJLytwbYT2sL0Vbu55W_CRyGh-emq/view?usp=drive_link, Cyclopropane & Dieckmann|https://drive.google.com/file/d/1oU7e8fasGyTadp70VnsvV-dO57ieFg0y/view?usp=drive_link, Oxidation & Reduction|https://drive.google.com/file/d/1WD5-QwUU9qf5euciAd937TIq3eJ3SmAd/view?usp=drive_link, Stereochemistry|https://drive.google.com/file/d/1SI5BadszGMdnr7nfTd7zEexjJYiNIsuW/view?usp=drive_link, Unit 4||Conducting Polymers|https://drive.google.com/file/d/1lKNg-nnTJt3vr9CPU0Im0Kmg8KFi-6e-/view?usp=drive_link, Viscosity avg method|https://drive.google.com/file/d/1lsIa0RB44Vfz35qejPRVTq-bDCMxFxnT/view?usp=drive_link, Macromolecules|https://drive.google.com/file/d/1frRl8KWh6glT_qQMD2ySUxYXA3k-pcyY/view?usp=drive_link, Properties of polymers|https://drive.google.com/file/d/1o3pZaFVVIyemEYDUPIqdS1uEj6sm5O4J/view?usp=drive_link, Unit 5||Mech Properties of solid|https://drive.google.com/file/d/1GQDJjo6F2oIHhoO8oSpNYMi3WiUeHQ24/view?usp=drive_link, Composites|https://drive.google.com/file/d/1YNXlZ0DGARJh6PW5_22BVcSPQsRYB6PB/view?usp=drive_link, Composite materials|https://drive.google.com/file/d/1n8jrvajHUqoRBVTg1302QT-M0hzIzH_o/view?usp=drive_link, XPS|https://drive.google.com/file/d/1c6k4m2gEEZbMr8oGdLHK2xatWvBMk5vZ/view?usp=drive_link, XRD|https://drive.google.com/file/d/1KKtOGDel9h_tT57rSljOBS2zxTFLzrNp/view?usp=drive_link"",""2023_JAN|https://drive.google.com/file/d/1nq7IlyAxhGgJ3S-1iirRWkW-rtgsCunK/view?usp=sharing, 2023_MAY|https://drive.google.com/file/d/1ItmdDjM72cThdyBPnZXJgD2cbkN-JRCY/view?usp=sharing, 2024_MAY|https://drive.google.com/file/d/1jNwZkylUc0LyTYOD2VII9W30MM8Yuuqt/view?usp=sharing"",""Syllabus|https://drive.google.com/file/d/1ql_cXRarWAhLIKSiccKy0GgOBHMsTK7x/view?usp=sharing"",""Chem Rankers"",""Full playlist|https://youtube.com/playlist?list=PLW1Y7Rfg4m8Jhs-s_VfYWgWzwTqYUvxJb&si=VD-JWBotStn5btik"""

"Semester 2,Chinese,""Textbook|https://drive.google.com/file/d/19D97kiAtXFZQ5EYr3KkAsJcXQChDkcMp/view?usp=sharing"",""2023_May|https://drive.google.com/file/d/1F3cwKg7IOFVJY2OvoD2PqqUeHCiRRQHn/view?usp=sharing,2023_JAN|https://drive.google.com/file/d/1UdITQPgu_SvajuhPA3uuB3y8uRPOH4sX/view?usp=drive_link"",""Syllabus|https://drive.google.com/file/d/1xHaR-i71wzVK-pjc0AsDrfvvCpH7maE9/view?usp=sharing"""

"Semester 1,Communicative English,""Active and Passive Voice|https://drive.google.com/file/d/1wDFsg4C1ufXNKDpcHBjIGhclPdtyUleZ/view?usp=sharing, Advertisement|https://drive.google.com/file/d/1vFYY4XuclOiKftCfm0FV54u-nvGQXGt6/view?usp=sharing, Barriers to Communication|https://drive.google.com/file/d/1GDxJtktZ16GKQrikvMtXuJjtk9wi061b/view?usp=sharing, Communication Skills|https://drive.google.com/file/d/19nmgj0dlXdkJvzTzt_vVMVBIe_od7Xpg/view?usp=sharing, Communication|https://drive.google.com/file/d/1N-vYrRY4ze2J8mnqi18-4E7wiU0WGJ5G/view?usp=sharing, Conjunctions|https://drive.google.com/file/d/1PDozMxL6nIwQXQ4kXD0O8zcNgW5VFVkK/view?usp=sharing, Degrees of Comparison|https://drive.google.com/file/d/1I-ABNFMlyFKJRm2qsURRoQtzlTf7a0nA/view?usp=sharing, Direct and Indirect Speech|https://drive.google.com/file/d/17vaYCF-vqRpGKKdc1YXK8dE5i0A4x_Y_/view?usp=sharing, E-mail Writing|https://drive.google.com/file/d/1NNPTl9nJhlj7xeBaU0hhe1CmFUGMmEZ4/view?usp=sharing, Graduate Attributes Learning and Employability Paul Hager|https://drive.google.com/file/d/1RHrPqkCoOcNUlDG07UWHQUDmoJYu_byN/view?usp=sharing, Group Discussion|https://drive.google.com/file/d/1HqAgwlr68QCkjtaLICIikBdS5XSj79Xi/view?usp=sharing, Interpersonal Communication Skills|https://drive.google.com/file/d/1x6Lh3WnDBf6fJhz0_-h_fGuHMvZTQI8E/view?usp=sharing, Job Application|https://drive.google.com/file/d/1KWQfGj_2d9HjJST464wbGfa7Gm84zlFW/view?usp=sharing, Letter Writing|https://drive.google.com/file/d/1-tGvMB7NhQEF2zVb-2DGPMEDUVXlAby6/view?usp=sharing, Listening Skills|https://drive.google.com/file/d/1Bl2j1QunnsFixNYgCEnxyqUzeF9tPeGE/view?usp=sharing, LSRW|https://drive.google.com/file/d/1SsjSUm-XBnMrF51ttY9mMBSRrncXBI30/view?usp=sharing, Mechanics of Writing|https://drive.google.com/file/d/1J5XqC4_Jy1e_JlqQPV0le7HgQZz7K-2a/view?usp=sharing, Minutes Template|https://drive.google.com/file/d/1iWT2vrw8c1JFVt4lF8x8LdUY2YS2i7P7/view?usp=sharing, Non-Verbal Communication|https://drive.google.com/file/d/1tGWKZnz38JodfHRtNIfLDHrBPpTAklqq/view?usp=sharing, Notice Template|https://drive.google.com/file/d/17GZAsxglEkqj7Rrr-FKhdj2eH7oNI-1I/view?usp=sharing, Notice Agenda and Minutes|https://drive.google.com/file/d/1BAEhyG_-YK9oHhw_T4KabgoCR5Op1w7O/view?usp=sharing, Online Communication|https://drive.google.com/file/d/1WhEO6jllZpY6f1woL8OO8rsRSrZB4wlA/view?usp=sharing, Plagiarism|https://drive.google.com/file/d/1rWKkYE6MM0c4mfSmU3z45htU9r-f2aXn/view?usp=sharing, Practical English Usage Michael Swan|https://drive.google.com/file/d/1oB5Ou9EPFU9HtunfxXxm6GdmFk-NCmec/view?usp=sharing, Project Presentation|https://drive.google.com/file/d/1_cphFG2t19L4BYP2lxBdabnHdoyPdD7E/view?usp=sharing, Proposal Writing|https://drive.google.com/file/d/1WEWz9iYfLUiXInQmBbe7mhg8jFISvG8z/view?usp=sharing, Public Speaking|https://drive.google.com/file/d/1Hu98EISmXubHj_Ppg-LepqL3jjMs4BcV/view?usp=sharing, Reading and Writing|https://drive.google.com/file/d/1eAR_acgSmLifbtpUCkujrigB9OnqUlmY/view?usp=sharing, Report Writing|https://drive.google.com/file/d/1avY5QzCZxbLZux2fPxwCGFXnc_Mq5T5Y/view?usp=sharing, Subject-Verb Agreement|https://drive.google.com/file/d/1BC03BZQTbMZfbOAcUmQH9oPmAUmK4PtE/view?usp=sharing, Synchronus and Asynchronous Communication|https://drive.google.com/file/d/179WRmSYIPJM-tu06aR6JjyZHALNHREjL/view?usp=sharing, Technical Writing|https://drive.google.com/file/d/1xDyHdqu0zUbLwcykCxXWmOLj_jVHwdvS/view?usp=sharing, Tense|https://drive.google.com/file/d/1aRI8RB0aFA6Wcy6yt21V9SGk9amYIgbl/view?usp=sharing, Topic Outline|https://drive.google.com/file/d/1mIHM1GB0q1XtfWKH8ooGgz91NQ-8wtlJ/view?usp=sharing, Transcoding|https://drive.google.com/file/d/1yscSQI9wv1eRfKfYierPuh_aojb87sSs/view?usp=sharing, Work Ethics|https://drive.google.com/file/d/17jAhveuPsNgnKqIu_V4ga583JiheOAlx/view?usp=sharing"",""2023_JAN|https://drive.google.com/file/d/1SIuXi9inrQ5X7gr8QMTQLaslGIWSIjJF/view?usp=sharing, 2023_MAY|https://drive.google.com/file/d/14zzETlhBmk2slyyL_SJ5v92G6OfeKOWT/view?usp=sharing, 2024_MAY|https://drive.google.com/file/d/1PyHhw0EHpAfQnp8ABk4muxG27ifLdz2H/view?usp=sharing"",""Syllabus|https://drive.google.com/file/d/15D203y19D1bxOrCB5k3yBeCzIi89PtfS/view?usp=sharing"""

"Semester 1,Electrical and Electronics Engineering (EEE),""Manual|https://drive.google.com/file/d/1H82rdHVS1__Ky9UDb_Cx46F7_fQ0jqlP/view?usp=sharing, Unit 1|https://drive.google.com/file/d/13lf4med7W2ru6LRU8l1OAxxJlL2G_OOx/view?usp=sharing, Unit 2|https://drive.google.com/file/d/1px_KCR3igyD8S9mSUh26i-IDrZxGQcZR/view?usp=sharing, Unit 3|https://drive.google.com/file/d/11Aosz_hkaexKvcHb7Zm6K7jxFctKZ_wf/view?usp=sharing, Unit 4|https://drive.google.com/file/d/1IZZASzFgJDxits2qPwp1oBmDPEt1xZsM/view?usp=sharing, Unit 5|https://drive.google.com/file/d/1eJZvcoAY9Nwfd09heLXc0pRCV9kAER6P/view?usp=sharing"",""2022_JULY|https://drive.google.com/file/d/1nPCB3a83APyjJpvrm3dDwhRjtS9G_ylC/view?usp=sharing, 2023_JAN|https://drive.google.com/file/d/117yJMwdetk445g0DKVVTDrmyLq-V8bfU/view?usp=sharing, 2023_MAY|https://drive.google.com/file/d/1iNaiobEasCMHDIqR_tvcroRs33itEFm7/view?usp=sharing, Important Questions|https://drive.google.com/file/d/1QJ8tyM9Jji8b5t4VYKwh6pmF-Jf6V-W3/view?usp=sharing, MCQS Unitwise|https://drive.google.com/file/d/1QVQYrN8DBy5g1iT0ifMS6OAu3GhOq4mY/view?usp=sharing"",""Syllabus|https://drive.google.com/file/d/1HXMrje-oc_4Xc0vBODo-FTfMAoapxPeu/view?usp=sharing"",""Gautam Vardey"",""Full playlist|https://youtube.com/playlist?list=PL3qvHcrYGy1v2kJX4SSsurE3_GdVe0ZD5&si=L4eMzGNJwl9V_Ttt"""

"Semester 1,Electromagnetic Theory Quantum Mechanics Waves and Optics,""Unit 1|https://drive.google.com/file/d/1muhvUtUHpE1BJDV7KI6D4HUVNAWjTbGY/view?usp=drive_link,Unit 2|https://drive.google.com/file/d/1m8GKD9-dCHxYwVs9X2jj0sS0UEuY63yO/view?usp=drive_link,Unit 3|https://drive.google.com/file/d/1vCmA-VnZ2tYojj27Go2ixDI_poy-49F0/view?usp=drive_link,Unit 4|https://drive.google.com/file/d/1yKmg7T9LA5Vu6Z4hzxcSGzy4IDyKu_On/view?usp=drive_link,Unit 5|https://drive.google.com/file/d/1JHk2XmaIZQBq-KSzJVEgkJffoWYkY19u/view?usp=drive_link"",""2024_DEC|https://drive.google.com/file/d/1iPE0wYOLShQ_mNOx9MocH1TMGm-o4rTj/view?usp=drive_link,2024_JULY|https://drive.google.com/file/d/1QVDmHYvksld7CZ9eedm-v0iQAAGDXVxB/view?usp=drive_link,2023_DEC1|https://drive.google.com/file/d/1sXjun4f_LPv4r9OUVyzJyF_9L591Yj14/view?usp=drive_link,2023_DEC2|https://drive.google.com/file/d/1aAXhQNHVH7VtOJC-s4K5TeIRwOX8MyYe/view?usp=drive_link,2025_JULY|https://drive.google.com/file/d/1aFrwpqLfT8fI-d60IPXRpPHfxeHMQTHi/view?usp=drive_link,2023_MAY|https://drive.google.com/file/d/1CIGfP8f-sOdhGGMi9geZqTrN6dL-T_cu/view?usp=drive_link,2025_MAY|https://drive.google.com/file/d/1Qx8nXfhfATJ08Hwu_xrUCrMkNv4JxjY2/view?usp=drive_link,2024_JAN|https://drive.google.com/file/d/1OyVzEM7GG5tGMIG14yoplXnJau2Fuz2f/view?usp=drive_link"""

"Semester 1,Electronics and PCB Design,""Unit 1|https://drive.google.com/file/d/1P3uVmXzAJP82Hdujr2IUxJzbF2skBP7x/view?usp=drive_link,Unit 2|https://drive.google.com/file/d/1FPgXNmk74BtQpFE3VZbzaQ6UPxIUYOwY/view?usp=drive_link,Unit 3|https://drive.google.com/file/d/1O72L03QhCVRN7UKbAaJAm5O-0X3QM1Sn/view?usp=drive_link,Unit 4|https://drive.google.com/file/d/1AUFD8lNB1O33gNNI4VXe_2BhSHS3qtyF/view?usp=drive_link,Unit 5|https://drive.google.com/file/d/1YpocZeIGVR6dlXMzp36v_Tv9Id28AqMQ/view?usp=drive_link"",""2023_MAY|https://drive.google.com/file/d/1LPhUt-nwCQule-MOnHYHPgwCh-HwSijW/view?usp=drive_link,2024_MAY|https://drive.google.com/file/d/1DG-wbbRH26h4kcXG-doECSIsAHV6FAbH/view?usp=drive_link,2025_MAY|https://drive.google.com/file/d/1e7cAG65_uQ0T-NuYGoZUlwGDT54C5WQ6/view?usp=drive_link"",""Syllabus|https://drive.google.com/file/d/1GmopVfft5F5HzhhO1r2XWqLjIJa7eY84/view?usp=drive_link"","""""

"Semester 1,Engineering Graphics and Design (EGD),""Lab Record|https://drive.google.com/file/d/1kt6kYMz0dV6X16Op0l8-poEQjuYhGPnV/view?usp=sharing"","""",""Syllabus|https://drive.google.com/file/d/1K_-2Qfpjg2YjOkMGv2infIeilPfjYUSE/view?usp=drive_link"""

"Semester 1,Engineering Mechanics,""Unit 1|https://drive.google.com/file/d/1x507eMscdrHA4BVsdNH7WeC50mdw5EmM/view?usp=drive_link,Unit 2|https://drive.google.com/file/d/1Oi9FE0VxlF_O31cOjbhgt0gyhmuz0F8r/view?usp=drive_link,Unit 3|https://drive.google.com/file/d/1yv5B_RRKUyyQfdxxhBLbsuzNgJvdpfLG/view?usp=drive_link,Unit 4|https://drive.google.com/file/d/1_HThrqNen7PYIdRNWy4yR3QA_2qM-XMp/view?usp=drive_link,Unit 5|https://drive.google.com/file/d/1DOAQQIFC3pzIuaxJQ0Sro9gYNNpZKhvf/view?usp=drive_link"",""2022_MAY|https://drive.google.com/file/d/1jrcutSYpjdU-qxPa8w4QFBTqqEfo5f0M/view?usp=drive_link,2023_MAY|https://drive.google.com/file/d/1pj7Fxgo6kzd1aXL1ToI_LDQOkLNAsF7D/view?usp=drive_link"",""Syllabus|https://drive.google.com/file/d/1MzX1SWIhAL2xebLRncdX25CgXCLKPuQu/view?usp=drive_link"",""GATE Wallah"",""Full playlist|https://youtube.com/playlist?list=PLPvaSRcEQh4lfyQYKBRuTiLekgVIw2jvC&si=jerqou2ufYtD0Y7T"""

"Semester 2,French,""Textbook|https://drive.google.com/file/d/1FR0rIixsheIYGDCqmH-W3TFSx2t2l0CA/view?usp=sharing"",""2023_JAN|https://drive.google.com/file/d/1yNTC05Roqbb7vx7NcaSEyPRtv9XnJj3X/view?usp=sharing, 2023_MAY|https://drive.google.com/file/d/1uxNRaOa8iPwIkJ4PdXo3f5OZPcKNHIEZ/view?usp=sharing, Combined PYQs|https://drive.google.com/file/d/18ZDTb5fic3f4uu68F-CeDOEuuI_LOgpB/view?usp=sharing"",""Syllabus|https://drive.google.com/file/d/1IZ7RDFk7rq_32O89A8OX5OFLqm28fexZ/view?usp=sharing"""

"Semester 2,German,""Textbook|https://drive.google.com/file/d/13tye770Z-HJ6Z9dE_JwQ08skzoDOkAay/view?usp=sharing,Unit 1|https://drive.google.com/file/d/1rfpO6gE8JHmLX40m7Vm1fyd4Q2r08XHZ/view?usp=drive_link,Unit 2|https://drive.google.com/file/d/18BlQ87sVEoWlf9SzryJGbEriSfpHziZb/view?usp=drive_link,Unit 3|https://drive.google.com/file/d/1FryE4ukRctl355fH0Y-xsZZeXIG8x3o1/view?usp=drive_link,Unit 4|https://drive.google.com/file/d/1zaB6_-WLVypIv0EjRCbg2vBRsNUITjnn/view?usp=drive_link,Unit 5|https://drive.google.com/file/d/1NZeRL3Lk9QaHbGSmCvkkcKIlXahfl-vt/view?usp=drive_link"",""2023_DEC|https://drive.google.com/file/d/129R8DehnNiIwWozYJiv26uhM3pjNIE-w/view?usp=sharing, 2023_JAN|https://drive.google.com/file/d/1Zsub5QTqSWplZ2hjoouzi7TzJu0kUhBx/view?usp=sharing, 2023_JULY|https://drive.google.com/file/d/1X7M2fY3ASAnCGdeoz70SdB3TvsOSJryj/view?usp=sharing, 2023_MAY|https://drive.google.com/file/d/1ADC55obhced47inubVBkRx3kIPwJ3f7v/view?usp=sharing, 2024_JAN|https://drive.google.com/file/d/1c21R8t3jiLVX1vjNdDeEarMFOu3-zOCy/view?usp=sharing"",""Syllabus|https://drive.google.com/file/d/1Hfe7UIpj5RFMLfvEFCrbGVcE-j18hV9i/view?usp=sharing"",""Learn German"",""Full Playlist|https://www.youtube.com/playlist?list=PLF9mJC4RrjIhS4MMm0x72-qWEn1LRvPuW"""

"Semester 2,Introduction to Computational Biology,""Unit 1|https://drive.google.com/file/d/1QosjvHReToJ_GYLEjxR_OiO9euxt5CF7/view?usp=sharing, Unit 2|https://drive.google.com/file/d/1ACPJIAns90uu1zaBwgNUaAkHZNeXNY7U/view?usp=sharing, Unit 3|https://drive.google.com/file/d/1mot3cf0NB7UhqTnTqcCWpJaGnrsCI2-u/view?usp=sharing, Unit 4|https://drive.google.com/file/d/1SZUZIjeHr3m1CVJKxPUTmcYxAMD1CKYG/view?usp=sharing, Unit 5|https://drive.google.com/file/d/1z1-krx2cGwRrJvKILeAa2uXMAd_f_x5G/view?usp=sharing"",""2023_JAN|https://drive.google.com/file/d/1UGHeCfRPj1B0-o3McP5ViGMTXR_GVo9M/view?usp=sharing, 2023_JUNE|https://drive.google.com/file/d/1HCifw52f_H2lRIsWpJErnSBGcdkQDuv6/view?usp=sharing, 2024_JAN|https://drive.google.com/file/d/1yZ9csLGOeUN9o4tT8gFSUaN1z90wV6jZ/view?usp=sharing, 2024_MAY|https://drive.google.com/file/d/1pNMPhk4oTppZbnztKu18rnrY4aoQv-bc/view?usp=sharing, 2024_NOV|https://drive.google.com/file/d/1GrDf8Um3Yg-w4cyLuvwf-I79lS-muZW9/view?usp=sharing"",""Syllabus|https://drive.google.com/file/d/1iZMk7Rq_dnobgr7vVaHJ8LdoYfIeUPuD/view?usp=sharing"""

"Semester 2,Japanese,""Textbook|https://drive.google.com/file/d/1CrAPFKCgMcxIcwGnf--iHS_WvuOIxexw/view?usp=sharing"",""2023_JAN|https://drive.google.com/file/d/1rxkl_36KVcrQIJtxgsMnaCYtZ5wCM6Jl/view?usp=sharing, 2023_MAY|https://drive.google.com/file/d/1uDyzG9DOnNrTgxHnn1rVUKgSFQBLT9vO/view?usp=sharing,2024_MAY|https://drive.google.com/file/d/1jnkey-SFE3yOfB2ntOKh7sLv3j8G1vN6/view?usp=drive_link"",""Syllabus|https://drive.google.com/file/d/1x29U8u_Z3N4ZCH8rvgeBMLDJGAjiog5S/view?usp=sharing"""

"Semester 2,Korean,""Textbook|https://drive.google.com/file/d/1o6K9-hfe6sJdDMNUrPfp0HwwAAUz5pPU/view?usp=sharing"",""2023_DEC|https://drive.google.com/file/d/1WitIStiz8ssdUJEr_zFoEetJ1NGZ68ml/view?usp=sharing, 2024_MAY|https://drive.google.com/file/d/1P-8wPiL7IOgBAwSXeI2AQ31t0yhGO6tC/view?usp=sharing,2023_JAN|https://drive.google.com/file/d/1RsCyoYBFmhY8TRk1GLLWJtACE5shJztb/view?usp=drive_link,2022_JAN|https://drive.google.com/file/d/1a_hi2l8FYzUKQVZZd56fZPkEYEpSRD9C/view?usp=drive_link"",""Syllabus|https://drive.google.com/file/d/1IDjZ3g8tj7s0DJiD-8SSBMr72Y26mLZS/view?usp=sharing"""

"Semester 2,Object Oriented Design and Programming (OODP),""Unit 1|https://drive.google.com/file/d/16ns2T0y9ULKJNo4qTkMS95Zb_rPD0mg9/view?usp=sharing, Unit 2|https://drive.google.com/file/d/1egXWWtHIVMGM6pDzEOsvoFWER0dWiTdm/view?usp=sharing, Unit 3|https://drive.google.com/file/d/1eZ5abfUSXteNQTmFUmshgGS5jnnizWxH/view?usp=sharing, Unit 4|https://drive.google.com/file/d/15CS3RAz6FijEB-0uCJEgbx1o1ubsIuJL/view?usp=sharing, Unit 5|https://drive.google.com/file/d/1ysVwSnRUl6zOfonjYUWLUCtnM92qgJAa/view?usp=sharing"",""2022_DEC|https://drive.google.com/file/d/1hhBBSsNqDWglS_q46W4u0jx_j3LsCaYV/view?usp=sharing, 2023_MAY|https://drive.google.com/file/d/1hhBBSsNqDWglS_q46W4u0jx_j3LsCaYV/view?usp=sharing, Important Questions|https://drive.google.com/file/d/1s7YRLir7XsFIkeaxGaTtkM1X_a6efcB1/view?usp=sharing, MCQ's Unitwise|https://drive.google.com/file/d/1wxlZm63lbL3oSDEy2wONLa6y2LBh6qqi/view?usp=sharing"",""Syllabus|https://drive.google.com/file/d/1PMfuplTmULXc3TSL-Zmvb8T0IDGKKtyi/view?usp=sharing"""

"Semester 2,Philosophy of Engineering (POE),""Unit 1|https://drive.google.com/file/d/15R6gs3GrZtOc6ss30kzumdQHV9D-S_VS/view?usp=sharing,Unit 2|https://drive.google.com/file/d/1OMVuJ_AJ6IAlUuuoaQJBm-I1RwhtHI8a/view?usp=sharing, Unit 3|https://drive.google.com/file/d/1wf1pWM9e81lrR8VGoFToDpVqel3ejIuN/view?usp=sharing, Unit 4|https://drive.google.com/file/d/1mWWDTHKjWRpp6uhCEtmwTSWGoupuZC-5/view?usp=sharing, Unit 5|https://drive.google.com/file/d/1Dj1TgA0q-vXTxnEmzUJXq5YgnR1t3_YB/view?usp=sharing"",""2023_DEC|https://drive.google.com/file/d/1qz4pvVQEQTVI4FOONnFVNVbTPof1NSvb/view?usp=sharing, 2023_JAN|https://drive.google.com/file/d/1mBSlV0gGCe_PfeR2qcEuQ-Iv4F_4s94N/view?usp=sharing, 2023_JULY|https://drive.google.com/file/d/13EtbhruJtt9fY1RwwhrnASw139_p-E-y/view?usp=sharing, 2023_MAY|https://drive.google.com/file/d/1nz-t9gBlV8ySkq4TTM6WIW_5pPLFJmeA/view?usp=sharing, 2024_JAN|https://drive.google.com/file/d/1cDd5Hi2I4mZRRtex80v9dSk1yq5KaMln/view?usp=sharing, 2024_MAY|https://drive.google.com/file/d/1JTl24i6nNZDGR9tRtQxHOtX2cKONp7Hi/view?usp=sharing"",""Syllabus|https://drive.google.com/file/d/1p1NxxZuZp_LRfXhpVKvX40ne8DEDBr4Z/view?usp=sharing,2025_MAY|https://drive.google.com/file/d/1ExNhU_iaWgcGHJ5okD4mbyvcX3PpvpMm/view?usp=drive_link,2024_NOV|https://drive.google.com/file/d/1jow73ByyAOavHaf-TnP7uc4oCmIYiPdR/view?usp=drive_link,2024_DEC|https://drive.google.com/file/d/10506IfxH84n3O51_haBTP4zuHDDIIlhb/view?usp=drive_link,2025_JULY|https://drive.google.com/file/d/18uamqNe_dyDXfCyh6vc7bqkkjXlS4Dhh/view?usp=drive_link,2024_JULY|https://drive.google.com/file/d/1WPBkyiq97gzNy-WvOLXaxxSV-J3LJsiQ/view?usp=drive_link"",""Nandhini M"",""Full playlist|https://youtube.com/playlist?list=PLEQ3x_buxq3VbDf_12sGZCdYXkDgfuMKn&si=dS03bUxZZUpzl-vY"""

"Semester 1,Physical and Analytical Chemistry,""Unit 1|https://drive.google.com/file/d/1OB5s2NmjJJJadCjHO89nYE0klrzPdnQT/view?usp=sharing, Unit 2|https://drive.google.com/file/d/1hwZU_0EdJ2Y91ltsIhT4hOPi0aHFXTfu/view?usp=sharing, Unit 3|https://drive.google.com/file/d/1y8LYcJlldpeP9yjRxnUD7eNYEaw8jzjP/view?usp=sharing, Unit 4|https://drive.google.com/file/d/1BrdpT-xauasK8FMRY86nbUlg2aaSqD6P/view?usp=sharing, Unit 5|https://drive.google.com/file/d/1BAsSudb6VcuzgEuDsbgczwyFKC4Hz2U8/view?usp=sharing"",""2023_MAY|https://drive.google.com/file/d/183-K6-x7UtfW8DK4b9Fs_NqwQsz-T9b7/view?usp=sharing"",""Syllabus|https://drive.google.com/file/d/176IzWdU9g4HmhqIsPcR5dRoMUHKvMVc0/view?usp=sharing"""

"Semester 1,Programming for Problem Solving (PPS),""ELAB|https://drive.google.com/file/d/16EMyKQC35BFIe0uWijA0WWB-dObHUDra/view?usp=sharing, Unit 1|https://drive.google.com/file/d/1XRQ5PsVYXWCdWkKqLhVhv2BsACRE-Ghr/view?usp=sharing, Unit 2|https://drive.google.com/file/d/1KgWMlEQjzPTpF25BA8vD5AogBXZ1YBQA/view?usp=sharing, Unit 3|https://drive.google.com/file/d/1drXNETwU2OCW3kZjZpDZhRlE80k74NIz/view?usp=sharing, Unit 4|https://drive.google.com/file/d/1kK54HH0YCXuuiN-0kghNS2f9vDHiLSoj/view?usp=sharing, Unit 5|https://drive.google.com/file/d/1i-fdpSr9xDNwamWdJl89RDNseX0pW7-I/view?usp=sharing"",""2023_JAN|https://drive.google.com/file/d/1rrlyk-i9N-eMCcniPc1GT9DtvaF07bEc/view?usp=sharing,2023_JULY|https://drive.google.com/file/d/1jnPMAv4_QQqJioWB3E6NCCasECw3vIFh/view?usp=sharing,2023_JUNE|https://drive.google.com/file/d/1RGurw_9IvWr6tERQDbf5mXoWFL5rjOwn/view?usp=sharing,2024_JAN|https://drive.google.com/file/d/1Lr9Awju8mSs6Aak3TY4MHSrjsnrzcsxa/view?usp=sharing,2024_MAY|https://drive.google.com/file/d/1PvWEdTCAbR1cBmrPzhCIIu5phm37vPUi/view?usp=sharing,Important Questions|https://drive.google.com/file/d/1tivK3NTVHykrlmTJLtfcblgGOAmiRIoQ/view?usp=sharing,Unitwise MCQ|https://drive.google.com/file/d/1lFjiUGLNwPhkBWPyNUocwh66DGYNokZL/view?usp=sharing"",""Syllabus|https://drive.google.com/file/d/1o7Dfm4zGONpeovBqCvSQdAWiBTCEavYI/view?usp=sharing"",""Jennys & CodeWithHarry"",""Programming in C|https://youtube.com/playlist?list=PLdo5W4Nhv31a8UcMN9-35ghv8qyFWD9_S&si=KD7mZV0Qmp_7japa, Python|https://youtube.com/playlist?list=PLu0W_9lII9agwh1XjRt242xIpHhPT2llg&si=SDtonNXCSVaV8DxH"""

"Semester 1,Semiconductor Physics and Computational Methods,""Unit 1|https://drive.google.com/file/d/15fFmrqmGBWRgA65ytaAUvDec1bwatm5F/view?usp=sharing, Unit 2|https://drive.google.com/file/d/12-fTXJyl25080vFBxu3kGVCRhn3mS05d/view?usp=sharing, Unit 3|https://drive.google.com/file/d/1-uqsKXozQsqlB1oApc1qeaR2syic16gn/view?usp=sharing, Unit 4|https://drive.google.com/file/d/1v1i3Z31XkV9eJ0wv31c_t9z5iV-iYNza/view?usp=sharing, Unit 5|https://drive.google.com/file/d/1kteTBe_XfqMUATqVxK-8wrHlCjZOEXZx/view?usp=sharing"",""2023_JAN|https://drive.google.com/file/d/1PrI_TgtcPwm_bAAWPjUQavGwbKd787hE/view?usp=sharing, 2023_MAY|https://drive.google.com/file/d/197kWcsxr_uV-ER9fVYw5OLAMUSbjGnkd/view?usp=sharing, 2024_JAN|https://drive.google.com/file/d/1Ai5neISJocMnSGv4kSuLABf0N5nSTRD5/view?usp=sharing, 2024_MAY|https://drive.google.com/file/d/1DBfSN21F0nUnX7dFJZEWaNuQOukOoeOO/view?usp=sharing"",""Syllabus|https://drive.google.com/file/d/1bMaE7hStdomCPR5gOnsS5nuXDhYocIx9/view?usp=sharing"",""Gautam Vardey"",""Full playlist|https://youtube.com/playlist?list=PL3qvHcrYGy1uF5KAGntUITTJ85Dm3Dtdy&si=JRvNgYQWLZj-ADSM"""

"Semester 2,Spanish,""Textbook|https://drive.google.com/file/d/16y0Mza_oNAvhcvWhqFiNyZx9fltAOPDz/view?usp=sharing"",""2023_JAN|https://drive.google.com/file/d/1UR3n00n7XdHpiSyA9b3Tgx5WIQYfekr4/view?usp=sharing, 2023_MAY|https://drive.google.com/file/d/1WRhXiYaEL-hIVDokvLJD0EXCAHZGn7nn/view?usp=sharing,2024_DEC|https://drive.google.com/file/d/1zDLw291BeLXTduibVeJuwIwQu1I-UQJU/view?usp=drive_link"",""Syllabus|https://drive.google.com/file/d/1nkHmgSpDgEcQ_I6Y7FR_bHCdl1koEQPg/view?usp=sharing"""

"Semester 3,Advanced Programming Practice (APP),""Unit 1|https://drive.google.com/file/d/1kwEzYuy1NUangYG2XHdsJ1InRl7XeSio/view?usp=sharing, Unit 2|https://drive.google.com/file/d/1NOujFB5k8JATADq4OP9wFsWWRRUPjZxC/view?usp=sharing, Unit 3|https://drive.google.com/file/d/1h-Evo6pZJRLVeQCKGTHFAnDzFyh4Jb3I/view?usp=sharing, Unit 4|https://drive.google.com/file/d/1mk9ubFTQklU_svYGin7-cl-w3dmb4SV3/view?usp=sharing, Unit 5|https://drive.google.com/file/d/13P7GCQwtyS06EvkqpocCnoEvz3TBBbld/view?usp=sharing"","""",""Syllabus|https://drive.google.com/file/d/1zdI4eOftSwnw4-uir_sLPrj5c4w6pxWv/view?usp=sharing"",""CodeWithHarry"",""Java|https://youtube.com/playlist?list=PLu0W_9lII9agS67Uits0UnJyrYiXhDS6q&si=tSR5lyb3MvS04NGB"""

"Semester 3,Computer Organization and Architecture (COA),""Unit 1|https://drive.google.com/file/d/1exuzGBasoOycAvSJ683GnXIoq4gW3MyQ/view?usp=sharing, Unit 2|https://drive.google.com/file/d/1CqtfhvB0Sb2GyMu-C5v4gP81j5ptp4z9/view?usp=sharing, Unit 3|https://drive.google.com/file/d/1CM6Milc8LdeqhULPKVuBPcL4cMy60etK/view?usp=sharing, Unit 4|https://drive.google.com/file/d/1tFiTGHv37LV-JdegeIZHrSuJrngDMjv4/view?usp=sharing, Unit 5|https://drive.google.com/file/d/1yMxkNqIGk17Dw-Qz3HPoNXv4d-DmIdDb/view?usp=sharing"",""2023_MAY|https://drive.google.com/file/d/1LfZWhDF3m9i3ff4jc3PjOt2gDt-iF1MZ/view?usp=sharing, 2023_NOV|https://drive.google.com/file/d/15uD0Qhtvb5wIp-qxxUKsOGVreF8JG9SW/view?usp=sharing, 2024_JULY|https://drive.google.com/file/d/1_gB2Tw_8Lnq_jtYeVcZfBRxgnFZrBTpx/view?usp=sharing, 2024_MAY|https://drive.google.com/file/d/11OZGWA3UL0H0wIzlWyEBlfhspkdCOdUl/view?usp=sharing, QB Unit 1|https://drive.google.com/file/d/1Dn_UfQ9R8yGFb__obFiVfJE8pxD98zyQ/view?usp=drive_link, QB Unit 2|https://drive.google.com/file/d/1jbKIKrsMDzLjv3Cf7rXH8qXQ4HNxTDvr/view?usp=drive_link, QB Unit 3|https://drive.google.com/file/d/1sV3r8p7myNm7EjTzFp41i3aUt3Ntz-NQ/view?usp=drive_link,QB Unit 4|https://drive.google.com/file/d/1OHNA6BFi898a5AR-WSbMpbj53k31aOM2/view?usp=drive_link,QB Unit 5|https://drive.google.com/file/d/10oXFzIMyhX3Z2UikkmmPVMT1ZTW5kbsr/view?usp=drive_link,Combined MCQ|https://drive.google.com/file/d/10w4pnOwT21gXML_QVeJQg3DixqeSBtRg/view?usp=drive_link"",""Syllabus|https://drive.google.com/file/d/1XygCRKDWkYhmDcNWqyDz3coNnqup0JWf/view?usp=sharing"",""Gate Smashers"",""Full playlist|https://youtube.com/playlist?list=PLxCzCOWd7aiHMonh3G6QNKq53C6oNXGrX&si=mE4zGtUQ81MLaXxt"""

"Semester 3,Data Structures and Algorithms (DSA),""Unit 1|https://drive.google.com/file/d/1bSgCSNUHj9OMqO1mltvqs_q6a00oMQ5V/view?usp=sharing, Unit 2|https://drive.google.com/file/d/1ODxbaQbQxLZO4-iXzUV05cyLZXXz-yOG/view?usp=sharing, Unit 3|https://drive.google.com/file/d/1Os_dEMXe6OKMovY4jdtYm-mKhRaliFNn/view?usp=sharing, Unit 4|https://drive.google.com/file/d/1YHYoLyFabBrAKBb-ZjF7-qrIU9RS9Kdi/view?usp=sharing, Unit 5: Dijkstras Algorithm|https://drive.google.com/file/d/1ap46828HwWtuo81ucsnZTtVMOwYFpwYW/view?usp=sharing, Unit 5: Graph Introduction|https://drive.google.com/file/d/1hBuI591CJGtbOaJqlNSbbUkktlAc_xWr/view?usp=sharing, Unit 5: Kruskal's Algorithm|https://drive.google.com/file/d/11F4HR_Bek4pWZd4J6fGeVc77c0qyZ9cb/view?usp=sharing, Unit 5: Prims Algorithm|https://drive.google.com/file/d/1jnDZHsGO_baDRzQph9WCUQcwu_VMlPKd/view?usp=sharing, Unit 5: Topological sorting|https://drive.google.com/file/d/1RAvh6G-wh44p-AZ5HZsWbfmWk1farPwD/view?usp=sharing"",""2023_MAY|https://drive.google.com/file/d/1DBza13P8C4RhvXzKvhIrkq-8m17XY_DL/view?usp=sharing,2023_DEC|https://drive.google.com/file/d/1mvfwcCmPQOjsAabO3oXdjat4u4zg5we-/view?usp=drive_link,2023_JULY|https://drive.google.com/file/d/1-7vU_ro94VR5TYbfh7qzxM3RbsQ6IXl-/view?usp=drive_link,2024_NOV|https://drive.google.com/file/d/1aNP0vHyBzxYe8Ftt4VWxERoit-1SED1f/view?usp=drive_link,2025_JULY|https://drive.google.com/file/d/1cwBfNQ5hsUa1pj9VKnbVFg5hekEKKp8f/view?usp=drive_link,2025_JUNE|https://drive.google.com/file/d/1OnfclBuGtqEJqbOLwlm3Y2fgqE3cAzqj/view?usp=drive_link,2024_MAY|https://drive.google.com/file/d/14SC_LVyLi46nyh-nwqPo8rQB6zkDJcyf/view?usp=drive_link"",""Syllabus|https://drive.google.com/file/d/1hf1DewpACDufBKMKacofxVtNJatTSIYa/view?usp=sharing"",""Abdul Bari"",""Full playlist|https://youtube.com/playlist?list=PLDN4rrl48XKpZkf03iYFl-O29szjTrs_O&si=Sb8zKCO7q3iA2TB6"""

"Semester 3,Digital Logic Design (DLD),""Unit 1|https://drive.google.com/file/d/1e5T-JiiX6yO8dFJexom1ge-C6aL6VGHY/view?usp=drive_link,Unit 2|https://drive.google.com/file/d/1XU_HiKUDwlCvcXoHl-Otl3JXPfYLExq0/view?usp=drive_link,Unit 3|https://drive.google.com/file/d/1-wkqN3nbkASknvN0FRDRXw2_vXH65o1E/view?usp=drive_link,Unit 4|https://drive.google.com/file/d/1hI-UHJGWUbtHS_tVVyq5oKiPFMaz9Wcf/view?usp=drive_link,Unit 5|https://drive.google.com/file/d/1IPBZNdWvpXc6BHCBAq_AOM93jXn_EqhQ/view?usp=drive_link"",""2023_DEC|https://drive.google.com/file/d/1zzybPr0s1S5lmaZ5fdaQDeFLn_kfMjqF/view?usp=drive_link,2023_JUNE|https://drive.google.com/file/d/1Fdz-YHVyijYvIF9iiGfURIi7IcPGN8i0/view?usp=drive_link,2024_JULY|https://drive.google.com/file/d/1u_ePmi6Rvfg-rN4Fs79CrRNyJI085WY7/view?usp=drive_link"",""Syllabus|https://drive.google.com/file/d/1UL-KHSdbiZnJijsAc3_K0vgP58t39VvG/view?usp=drive_link"""

"Semester 3,Electronic Devices and Circuit Theory,""Resource|https://drive.google.com/file/d/1WbCTtZF3Yef_OPxpcXzGbkJ1tZ5WrXu5/view?usp=drive_link"""

"Semester 3,Numerical Methods and Analysis (NMA),""Unit 1|https://drive.google.com/file/d/18xZRNtj5E7LWKhCbbpP_29G8Sa447Dry/view?usp=sharing, Unit 2|https://drive.google.com/file/d/10yAVAhWdnKG3HRs7jQa1TGEfdkCDrsLq/view?usp=sharing, Unit 3|https://drive.google.com/file/d/1-xSeNqzaD0s1TU9nA_g6xGA01MMfSpNb/view?usp=sharing, Unit 4|https://drive.google.com/file/d/1xo-huach5kLGl9IJ48D_u-8y_WsQAema/view?usp=sharing, Unit 5|https://drive.google.com/file/d/1F6WPTzhJmZWNd_kIokyc3JApo-3u2nvR/view?usp=sharing"",""2023_JULY|https://drive.google.com/file/d/1qnxo9v_knruBJC5fOx-oPfMWGWeBc9OJ/view?usp=sharing, 2023_NOV|https://drive.google.com/file/d/15fHsJgYesdPHD4YbcvUamO7_9FuSiIDA/view?usp=sharing, 2024_MAY|https://drive.google.com/file/d/1meZbBXit8v9CPNpcG-DmrtDcKOaCJGPT/view?usp=sharing,2024_NOV|https://drive.google.com/file/d/1M3ZpMU4R-zoEuiHM5vRIpICWtuTTXRhQ/view?usp=drive_link"",""Syllabus|https://drive.google.com/file/d/16qPYaoAp4T8tj9lOJBab_e3UmSpFyFM5/view?usp=sharing"",""Gajendra Purohit"",""Full playlist|https://youtube.com/playlist?list=PLU6SqdYcYsfLrTna7UuaVfGZYkNo0cpVC&si=Ve03DHeFbBnrXSDA"""

"Semester 3,Operating System (OS),""Unit 1|https://drive.google.com/file/d/1YetcTrM3-ZTYZDCyj9zcRBSMf9bpuhcO/view?usp=sharing, Unit 2|https://drive.google.com/file/d/1OeoqtMsPYDKoCkDo37qmukqVJ4oYgMn7/view?usp=sharing, Unit 3|https://drive.google.com/file/d/1FMvnaMErR2MEszpZBj1m1AaunqfDSJfz/view?usp=sharing, Unit 4|https://drive.google.com/file/d/1L1sd7KUNbEpzd0jsZ1WzwuxWFY5q6d8-/view?usp=sharing, Unit 5|https://drive.google.com/file/d/1lmykNQ7DwMI46SykwoC6zuGqmsKs6fhm/view?usp=sharing"",""2023_JUNE|https://drive.google.com/file/d/1xATPUOShkxr5j3pNMlwimhQHE_XtPFkT/view?usp=sharing, 2023_MAY|https://drive.google.com/file/d/1S77QgK066WU-omiYb4Lhx2KJnunGBXBs/view?usp=sharing,2023_JAN|https://drive.google.com/file/d/1_5mjk2IAbPgmAInjuSG7EX-WsUK_SQ3C/view?usp=drive_link,2024_NOV|https://drive.google.com/file/d/1pCh4ir9O-nyBZg7scvhWBhIsgzbmJWao/view?usp=drive_link,2023_DEC|https://drive.google.com/file/d/18MiR8hCrZspXJ1__gmtJiqGx8eiOKYHN/view?usp=drive_link,2024_JULY|https://drive.google.com/file/d/1mhB-HMSbHnbf97-B1tCcu2_O8Y4VHEZh/view?usp=drive_link,2024_MAY|https://drive.google.com/file/d/1a5ABJI2vGjdOUOqOnnDIwlX5vmldPK1N/view?usp=drive_link"",""Syllabus|https://drive.google.com/file/d/1QonomraJB5Fp1BQ_63qybT-ml9HE2uPW/view?usp=sharing"",""Neso Academy"",""Full playlist|https://youtube.com/playlist?list=PLBlnK6fEyqRiVhbXDGLXDk_OQAeuVcp2O&si=LLnisqXn-93IApXn"""

"Semester 3,Social Engineering,""All 3 Units|https://drive.google.com/file/d/1yE2Bg0w74tXrtW2KmMgyFDUKHIfOcyCq/view?usp=sharing"","""",""Syllabus|https://drive.google.com/file/d/1ICd9iszv_lQwD7jwdwBVqIi-wUI3uyaj/view?usp=sharing"""

"Semester 3,Solid State Devices,"""",""2023_DEC|https://drive.google.com/file/d/1Q7gZ7gftDCoUIxZO-6AD1J9JM2YFjhKM/view?usp=drive_link,2024_MAY|https://drive.google.com/file/d/1rSRVNs1APusketZpHpbpp1xiVJ_Zrd9T/view?usp=drive_link,2024_JULY|https://drive.google.com/file/d/1KZgTY1Mp0S2GQpMPI5v4IiwiG0Rk_kd7/view?usp=drive_link,2025_JULY|https://drive.google.com/file/d/1AkddOQZGk2O1kKhRYd7RovrS0HA8UqMz/view?usp=drive_link,2024_DEC|https://drive.google.com/file/d/1x3T9UjYaRVEMvQgXJzZbdL-vohye2L4t/view?usp=drive_link,2024_NOV|https://drive.google.com/file/d/1nLDLxqiVzZc0Iowp-jgdD8DbDK17UXEE/view?usp=drive_link"""

"Semester 3,Transform Boundary and Values,""Unit 1|https://drive.google.com/file/d/1rn7mkpADyMWq3wBSzp7ToWatWDfQNWy2/view?usp=sharing, Unit 2|https://drive.google.com/file/d/1AL-D9I1bp-KsrxHYbFWWPdhxT_ITPG4n/view?usp=sharing, Unit 3|https://drive.google.com/file/d/1zuOPHLpQA_3wTa2FFWIfS74vccIWuJAt/view?usp=sharing, Unit 4|https://drive.google.com/file/d/1NW7PYfDoL7nMXog3aDCNdBe0QDjZAAAs/view?usp=sharing, Unit 5|https://drive.google.com/file/d/12MGXVtd6lI5sKf_ujMLfKIKdeMAigMu3/view?usp=sharing"",""2023_June|https://drive.google.com/file/d/1ibXSV3Z-vWF7gzUqyFfj1UxHp8K9-UXm/view?usp=sharing, 2023_MAY|https://drive.google.com/file/d/15k29XcfVufkaAJS0TxOyrfGYT3wPQhFm/view?usp=sharing,2023_NOV|https://drive.google.com/file/d/1bcD4e9Hfl1fHcgShzf8Ydkv33b59s8xg/view?usp=drive_link,2024_JULY|https://drive.google.com/file/d/1a2Rm2gnlKC_64muztGP8GMcpn-uc6y_M/view?usp=drive_link,2024_MAY|https://drive.google.com/file/d/10YqM0JlsrhAs6s3CgMmWcd6nibN5kJSQ/view?usp=drive_link,2024_NOV|https://drive.google.com/file/d/1UEmOTawJC0aSsXhzRpF53XNz5jh-rbda/view?usp=drive_link,2025_JULY|https://drive.google.com/file/d/1puwK-ciZfqf2bRkzUEKGp8hx7Doa3EIf/view?usp=drive_link"",""Syllabus|https://drive.google.com/file/d/18zPJx725zRCesCrEIlmUHH2MjtFvs8bn/view?usp=sharing"",""E. Suresh"",""Unit 1|https://youtube.com/playlist?list=PLrhWE6dwHUeh1yEnQ1inw20VEL0gGWxgZ&si=e4AO37GTjnsQAjlZ, Unit 2|https://youtube.com/playlist?list=PLrhWE6dwHUejSZKUgs6pAvIBWvmyfwqcY&si=8ZG6w8OfgWM35klb, Unit 3|https://youtube.com/playlist?list=PLrhWE6dwHUejO0zZs-f7HqTzVvoeYx4br&si=Ra89ggZe3Xyl1fKX, Unit 4|https://youtube.com/playlist?list=PLrhWE6dwHUehLPxZ-yw3udQ1OuFytsBVH&si=aygLrZbDvOen95q8, Unit 5|https://youtube.com/playlist?list=PLrhWE6dwHUehxZi-S3zl94rM-Aa_z-lpU&si=AIiKsy0GBWplIFCI"""

"Semester 4,Analog and Digital Communication,"

"Semester 4,Artificial Intelligence (AI),""Unit 1|https://drive.google.com/file/d/149uLp_tcwXIeuQlYbVax7MJ7qta-QPen/view?usp=drive_link,Unit 2|https://drive.google.com/file/d/1t68B0KfwfMXxTEF1vRSQwy2Zj_iYlCfD/view?usp=drive_link,Unit 3|https://drive.google.com/file/d/1YmB7kh1CV-9sajV0avQFvU0PE9gb9M2C/view?usp=drive_link,Unit 4|https://drive.google.com/file/d/1q_9cz93Q_yqSF1AIVnHpxt1YDU1Deyg5/view?usp=drive_link,Unit 5|https://drive.google.com/file/d/16qTdFaVWsgiqPnxawrYGfC2__HCWvDLT/view?usp=drive_link"",""2023_JULY|https://drive.google.com/file/d/1JhZtrHclJro7ohstdj8wVqakfK3F6yCu/view?usp=drive_link,2023_MAY|https://drive.google.com/file/d/1i2Q1cZxPjD1JUP6Okux4DYEum0APMwdi/view?usp=drive_link,2024_MAY|https://drive.google.com/file/d/11qdZmQMQOL7iGbnSnucPO8zsrwkvdFb5/view?usp=drive_link,2025_MAY|https://drive.google.com/file/d/1WGamzo6xmp0sPS50ODCPvq53KORrvUiZ/view?usp=drive_link"""

"Semester 4,Bioprocess Engineering,"

"Semester 4,Cell Communication And Signaling,"

"Semester 4,Chemical Engineering Principles,"

"Semester 4,Database Management Systems (DBMS),""Unit 1|https://drive.google.com/file/d/1RuE6r2xrLEyP7R2Cs_fUv0x8s1vl3Kdr/view?usp=drive_link,Unit 2|https://drive.google.com/file/d/1b6fW5EnxcO0K_OkDmvtvIYVW8IgPQOwj/view?usp=drive_link,Unit 3|https://drive.google.com/file/d/1Sj8vxCMotf1-7r9ntf4yv2N4ZvlZ9Rfg/view?usp=drive_link,Unit 4|https://drive.google.com/file/d/1RPVFpZSNHfJdwAQeoZsFP0C8WQBLcfUU/view?usp=drive_link,Unit 5|https://drive.google.com/file/d/1MB86bcsqIYo7rASoXaG5KkAETilfFaQ0/view?usp=drive_link"",""2023_DEC|https://drive.google.com/file/d/1CKis2793WbRO_MHE5oZHX2chCuPSDHio/view?usp=drive_link,2022_JUNE|https://drive.google.com/file/d/1_tihrl1r0ApXhp1qiqHSxIAFvNAhvuKM/view?usp=drive_link,2023_MAY|https://drive.google.com/file/d/1ezLs8FarvxiT8Jwuvl1JitCq8KjMZt6o/view?usp=drive_link,2022_NOV|https://drive.google.com/file/d/1Q_ESlpsyMJEucGIadkQ0UYsgc_nQjoiB/view?usp=drive_link"",""Syllabus|https://drive.google.com/file/d/1nQlV-79eHlRx29QKVagk1N_nuFdCV9E6/view?usp=drive_link"""

"Semester 4,Digital Image Processing (DIP),""Unit 1|https://drive.google.com/file/d/1nv2daM_DOUFySJ-odaJteafYyV-7G5mL/view?usp=drive_link,Unit 2|https://drive.google.com/file/d/1GPe-t42Z04rzh4QVRn2XP3bV-6Fo6CRo/view?usp=drive_link,Unit 3|https://drive.google.com/file/d/1c99Nkw43vzvRIdHXQk7G62c3IJ_0FAmm/view?usp=drive_link,Unit 4|https://drive.google.com/file/d/1-xvL2WXlxQnNb0U_VBuACL5hOkDM8aF2/view?usp=drive_link,Unit 5|https://drive.google.com/file/d/1LAhe_n6HA_ENzrCTtO8XrzyiFCV2OIpx/view?usp=drive_link"",""2023_DEC|https://drive.google.com/file/d/1b3WrX5DvJqL2V1jKYOF8xs5Yc7yKbC1T/view?usp=drive_link,2024_DEC|https://drive.google.com/file/d/1YRreNogMbYNd5708tNF-kGpdArGYmzma/view?usp=drive_link,2024_JULY|https://drive.google.com/file/d/1RsHADOux0ZOfFoROis8nkdfFaVz4kBCF/view?usp=drive_link,2023_JUNE|https://drive.google.com/file/d/1fEL6TLdj2N9FNDgwqKYR9AOPDnA2s1JN/view?usp=drive_link,2024_MAY|https://drive.google.com/file/d/1LPU_OoNUXf0CGljDCZTqWPZZeW36e9lN/view?usp=drive_link,2025_MAY|https://drive.google.com/file/d/1oX8aW9_ReYU6A_Z7XC3wFahn6AckKwON/view?usp=drive_link"",""Syllabus|https://drive.google.com/file/d/1KYo41XXo6qKWRWqClWUOPA1Io566gH5O/view?usp=drive_link"""

"Semester 4,Design And Analysis Of Algorithms (DAA),""Unit 1|https://drive.google.com/file/d/1ygWuuPBE-WldZ-LyJAKCHA5MLLuHRsoB/view?usp=drive_link,Unit 2|https://drive.google.com/file/d/1RtoPT2dSJ-JMDL5RUY2Tx4_VltXR4cOT/view?usp=drive_link,Unit 3|https://drive.google.com/file/d/1Kl22KHgowUdvLKMqAxOuhR3B8rDmjD-C/view?usp=drive_link,Unit 4|https://drive.google.com/file/d/13PIH3g7ExLBDUtyDwiDicbPdp9gNnDT_/view?usp=drive_link,Unit 5|https://drive.google.com/file/d/1MhplptkaC7F3S2JvMXrXa8sGeL4_xRJ9/view?usp=drive_link"",""2023_JULY|https://drive.google.com/file/d/1FKeOaXih9epAF0hlcmw3-aFnQs61Gc64/view?usp=drive_link,2024_JULY|https://drive.google.com/file/d/1a_yvkNZ9DKwHmwdy5DTJ0oV9uFQtObxv/view?usp=drive_link,2023_MAY|https://drive.google.com/file/d/1InkKy2Y2VJBhJHXecQJWw6u6dBLQVP3B/view?usp=drive_link,2024_MAY|https://drive.google.com/file/d/1YfQiS_mrTVkE3K7qDdDUXRfTKYd7ALZx/view?usp=drive_link,2025_MAY|https://drive.google.com/file/d/1Y54c4bC8OVERxLe4VCbtePWV3rA4Vnzi/view?usp=drive_link,2024_NOV|https://drive.google.com/file/d/1GkhK3vOEYfeNNou8uqJgpt2G2BYQGJC1/view?usp=drive_link"",""Syllabus|https://drive.google.com/file/d/1ncTjR6in-i0W2yf9I7rD3ju9vpT6LqVM/view?usp=drive_link"""

"Semester 4,Information Security,""Unit 1|https://drive.google.com/file/d/1DF3juUiku-aRjAyy6pX85oKuUjPhFKZN/view?usp=drive_link,Unit 2|https://drive.google.com/file/d/1JES8T41sxcp0RdOjNfPYxFd3W2sg4_Rv/view?usp=drive_link,Unit 3|https://drive.google.com/file/d/1oQVHd9QGQQ5EUj-vU05d0dWHWaBqI5wp/view?usp=drive_link,Unit 4|https://drive.google.com/file/d/1ZZRfL8J5xllHmulr-UH9rLsYxSLShMKR/view?usp=drive_link,Unit 5|https://drive.google.com/file/d/1e2E7zj5E2AeotSpaJTuv1nUyLLlTQDcJ/view?usp=drive_link"",""2024_MAY|https://drive.google.com/file/d/1RXWfQnq7BQQXwVUQJJ7BPzAF-RBCTOE8/view?usp=drive_link,2025_MAY|https://drive.google.com/file/d/1o7q3giOqIFzCmxGtjGmWsOMfwwJAywV-/view?usp=drive_link,2024_NOV|https://drive.google.com/file/d/13kfVDxSN4MEHYsQveQuBAyATTflsH20A/view?usp=drive_link"",""Syllabus|https://drive.google.com/file/d/1S6UQNZrGcNbmVbLfNU7dPm5alWh3zlbq/view?usp=drive_link"""

"Semester 4,Internet Of Things (IOT),"

"Semester 4,Molecular Biology,"

"Semester 4,Probability And Queueing Theory (PQT),"""",""2025_MAY|https://drive.google.com/file/d/1hvev4DlTmsoQlpcGJaZE3gZXu6-xHLM3/view?usp=drive_link,2023_DEC|https://drive.google.com/file/d/1R3jhbUqbm5DMWuc8jelEUO4zCxBK9g__/view?usp=drive_link,2023_MAY|https://drive.google.com/file/d/1kfvkSiHd1qDSKIVFBcKb4vsfLoiAymyH/view?usp=drive_link,2024_MAY|https://drive.google.com/file/d/1Cd1HU1GYIXeRhy_FmPs9rAdNPZf3UFC8/view?usp=drive_link"",""Syllabus|https://drive.google.com/file/d/1juw9QXiCZMVRpybaYohmJmFo42xeVC7z/view?usp=drive_link"""

"Semester 4,Software Process,"

"Semester 5,Artificial Neural Network (ANN),""Unit 1|https://drive.google.com/file/d/1t5FLnSvmEEtXE3Tqrl_Q66nwT8ec7eEs/view?usp=drive_link,Unit 2|https://drive.google.com/file/d/1joDILkkuqgrYb0kEROdCc7nFL7b790SF/view?usp=drive_link,Unit 3.1|https://drive.google.com/file/d/1Fv8YdwpTuFAhnumcaEZdzlEC9rBhO6e1/view?usp=drive_link,Unit 3.2|https://drive.google.com/file/d/1Ve7TDI0OqjRcL1OQHzKek3tzuywljJTu/view?usp=drive_link,Unit 4|https://drive.google.com/file/d/1-pk5cmkJ0muklBgeS-i9Aj9FzN_7u4tP/view?usp=drive_link,Unit 5|https://drive.google.com/file/d/1nnks21MnoDz6O94kkIMLgJBhBIETS8tF/view?usp=drive_link"",""2025_JULY|https://drive.google.com/file/d/1FJQkmpN18CDEcHd0FjZ_PG4mfdBe1ZYi/view?usp=drive_link,2025_JUNE|https://drive.google.com/file/d/1cCeNwqjSsQd3cshi8OkvKH8Ej9YfcFNE/view?usp=drive_link,2024_NOV|https://drive.google.com/file/d/1ph-ZifgUHn9kX7a4dpm3oIdm47WXPjmU/view?usp=drive_link"",""Syllabus|https://drive.google.com/file/d/1oA0EIqayPOX-jVUm36EPfdrVFglmyWyx/view?usp=drive_link"""

"Semester 5,Biostatistics,""Unit 1|https://drive.google.com/file/d/1ihYjbaqhTJpoZeqmQ4qa4DJjE21zcHVQ/view?usp=drive_link,Unit 2.1|https://drive.google.com/file/d/1RdZocTNFMyfaSwSKecGu47zmpaC2vDOP/view?usp=drive_link,Unit 2.2|https://drive.google.com/file/d/1jUVC3BJhQqUUnx6swqj9kRqOm77O_lL9/view?usp=drive_link,Unit 2.3|https://drive.google.com/file/d/10Q7tl5F0i5ik8sVisK56ERJayEnUm4i6/view?usp=drive_link,Unit 3|https://drive.google.com/file/d/1cTNTkl8CfRBSe1xuJSqTNpxt6JTrbdw2/view?usp=drive_link"","""",""Syllabus|https://drive.google.com/file/d/1E_nFgwjSb0YJqMlo0RsKrdc0nY-RFa67/view?usp=drive_link"""

"Semester 5,Comprehensive Linux for all,"""",""2024_MAY|https://drive.google.com/file/d/1ixfTa9aPWyZ2rT_vUUSUWiDAy27dUtEv/view?usp=drive_link"","""""

"Semester 5,Computational Molecular Biology,""Unit 1|https://drive.google.com/file/d/1DztlJjSLcpw0bgWUewMU_hyMqDhmNKcW/view?usp=drive_link,Unit 2|https://drive.google.com/file/d/1abPA9Ev1XvhibPxWQr0FokAoo_78dwPo/view?usp=drive_link,Unit 3|https://drive.google.com/file/d/15P5L-QccupGJzWPeU3NnfDmmQzQVUCLr/view?usp=drive_link,Unit 4|https://drive.google.com/file/d/1w9lx84T15cgkz9YiFVj-ZIgfo8KzPvKY/view?usp=drive_link,Unit 5|https://drive.google.com/file/d/1fP-YflGy2kIrOQR0KOZvlfqBQ3mQeayK/view?usp=drive_link"""

"Semester 5,Computer Networks (CN),""Unit 1|https://drive.google.com/file/d/1r-MyQI6wDakTwPXFIS7_pMIa2r6KL02m/view?usp=sharing, Unit 2|https://drive.google.com/file/d/1ylN5NjHQNGiWfSroKG_qbs2saaIIgtKD/view?usp=sharing, Unit 3|https://drive.google.com/file/d/1HVnc8hOYusquyc6TRyhJpDf10fx2xr9k/view?usp=sharing, Unit 4|https://drive.google.com/file/d/1r2TxoWRrwSqRQ6g3jTOiiP0-Rz9p0v05/view?usp=sharing, Unit 5|https://drive.google.com/file/d/1lGYOHrQcnY4l3H-mHzAUvpXdx-tV7O3F/view?usp=drive_link"",""2024_JAN|https://drive.google.com/file/d/1fRet2oj5pgFlOrIQALqyUUlJhnpY47W0/view?usp=sharing, 2024_MAY|https://drive.google.com/file/d/1S034vjVipBsvJLp63RTwu2tNreOFvveu/view?usp=sharing, 2024_NOV|https://drive.google.com/file/d/1w10eVkVNFedhmHgBRHCewgH_yEWZ4IvU/view?usp=sharing,2024_JULY|https://drive.google.com/file/d/1WpLbjUpUzUPHWaArmsuL4KSzMZ7sVxZt/view?usp=drive_link,2025_JULY|https://drive.google.com/file/d/1UxdVl9szHyKpFjchdQ3epzGqmHhXHXgq/view?usp=drive_link,2025_JULY-B|https://drive.google.com/file/d/1rCNCxvDzpR-HetxVCYRz22SDlAWVJ5W0/view?usp=drive_link"",""Syllabus|https://drive.google.com/file/d/1UMMcv-RmVwEhxMSCjyDFczdeCB8AnZ-z/view?usp=sharing"",""Gate Smashers"",""Full playlist|https://youtube.com/playlist?list=PLxCzCOWd7aiGFBD2-2joCpWOLUrDLvVV_&si=-4UJF3e6fTke_slb"""

"Semester 5,Database Security and Privacy,""Unit 1|https://drive.google.com/file/d/1QW7wMtaQKBchuJ7gjGjE5wS3qQuxpBGs/view?usp=drive_link,Unit 2|https://drive.google.com/file/d/1wIWeKsGndw4GasldTULDtZeqUDBTxHqO/view?usp=drive_link,Unit 3|https://drive.google.com/file/d/1hp5P3vTlupuwr_RBYz3ay0liwC2kJPHi/view?usp=drive_link,Unit 4|https://drive.google.com/file/d/1isDXjR792G962fndjvu79TnNfBQRKfbp/view?usp=drive_link,Unit 5|https://drive.google.com/file/d/1XRWXBt1lUW6czgegjiSpz_lc_6CZQINf/view?usp=drive_link"",""2024_NOV|https://drive.google.com/file/d/1CohJsdshMa3f60LbcoiMzou4DgYFZLnx/view?usp=drive_link,2025_JULY|https://drive.google.com/file/d/1ZBXdl-nMg6_fqeN8kRQ9Jxr7qBNvM0E4/view?usp=drive_link"",""Syllabus|https://drive.google.com/file/d/1VKuuH_TaSB0gHJMCZhGpfUZVSuO5RFzo/view?usp=drive_link"""

"Semester 5,Datawarehouse,""Unit 1|https://drive.google.com/file/d/1M6D_hTxBp6rVfEmBcNWsxAcSuZ3d0lPI/view?usp=drive_link,Unit 2|https://drive.google.com/file/d/1kSbj6qgQYWI7TxHLUZwSWJCMeqmHvwBB/view?usp=drive_link,Unit 3.1|https://drive.google.com/file/d/1fvOo0J47vMi8dKMALepix9H5PLUJFLBL/view?usp=drive_link,Unit 3.2|https://drive.google.com/file/d/1oRk5XmHPPq2F2Bvv5oOLWw1UExTCsg1Q/view?usp=drive_link,Unit 4 Apriori|https://drive.google.com/file/d/1CB7Jl3pN8jcV6iC8AXVURYtOA_deGT_a/view?usp=drive_link,Unit 4 Concept desc|https://drive.google.com/file/d/1PjmbgPhahV3NbNt3aE-aTIXQRv2BRxju/view?usp=drive_link,Unit 5|https://drive.google.com/file/d/11UZ5V9klL9nt6ks9KoSh9Wpiw1Dac8Ge/view?usp=drive_link"""

"Semester 5,Disaster Mitigation And Management,""Unit 1.1|https://drive.google.com/file/d/1NfGrapqkUqaD3T6JqLtjQzIrSee9ChzX/view?usp=sharing, Unit 1.2|https://drive.google.com/file/d/1-TD2vjqti5890CSONGnDiqYofLRp5Dsw/view?usp=sharing, Unit 2.1|https://drive.google.com/file/d/1teIIqdpeEAsSxB_3FdpqxnmOTppYBgNE/view?usp=sharing, Unit 2.2|https://drive.google.com/file/d/1iBAk3DalXij3L575YFkFRw1l1mpQLCXx/view?usp=sharing, Unit 2.3|https://drive.google.com/file/d/1bGEzhCJFRxveuvGhznGCFYxAUjMZnTst/view?usp=sharing, Unit 2.4|https://drive.google.com/file/d/140MgPjKgp0YHphzVumSRLiBgbkvuvobK/view?usp=sharing, Unit 2.5|https://drive.google.com/file/d/1kNl7V6mNHVW47maBC0ibYiw1VEXimqUY/view?usp=sharing, Unit 2.6|https://drive.google.com/file/d/1Ds9idba-aRFpne9Lp9q8eYbKUwVXmi-c/view?usp=sharing, Unit 2.7|https://drive.google.com/file/d/11jEaLxXoFvofGJnjk363Sf3ftRb1VAEl/view?usp=sharing, Unit 3.1|https://drive.google.com/file/d/1Sx9f6dpOrldgAqcv0TCaoAp7xQuMUfBY/view?usp=sharing, Unit 3.2|https://drive.google.com/file/d/1xchj24RfeD-rmY9VF7grt0ejWimH54Ud/view?usp=sharing, Unit 3.3|https://drive.google.com/file/d/19pnWswTVqIztQdXc-Ni4RXcq8qKBQUzc/view?usp=sharing, Unit 3.4|https://drive.google.com/file/d/1Q_BSO-HbjJ6dO-puv7VC2ZZwe-Z-pbFH/view?usp=sharing, Unit 3.5|https://drive.google.com/file/d/1ZJTtJ8EWVoHUSLLqq7H9bpIoqz51R7nN/view?usp=sharing, Unit 3.6|https://drive.google.com/file/d/1zDhHW-2-vFBQLfbGMZqdIj4esHRN7Ju0/view?usp=sharing, Unit 4|https://drive.google.com/file/d/111FiZtpVyNQloakBljFHzXGIqZUaZZXt/view?usp=sharing, Unit 5.1|https://drive.google.com/file/d/1JAJ9US7IHm67X5VArvs4XENXARTkrH3n/view?usp=sharing, Unit 5.2|https://drive.google.com/file/d/12OeYul2gucOin4kbQzs9IlcyBUh12VvF/view?usp=sharing, Unit 5.3|https://drive.google.com/file/d/1UiP5Qho7yuDG3ULhKHleu_uwK1frKcr9/view?usp=sharing, Unit 5.4|https://drive.google.com/file/d/1o-OfVBMGw70eEoefjwWxcTJzUOAI1Nt6/view?usp=sharing, Water Pollution|https://drive.google.com/file/d/1CCBO1mJR-kD3jeIwxGPaAJBfmtHWo8Q3/view?usp=sharing"",""2024_MAY|https://drive.google.com/file/d/1ytHqEGhcD38IrnzdrkdyiHyADeyvx53z/view?usp=drive_link,2024_NOV|https://drive.google.com/file/d/1WA-zqmjAmIQXMRUS5Ic6oCUGRo5nChie/view?usp=drive_link,2024_JULY|https://drive.google.com/file/d/1a_Srf1SqU0ieK08OLbBy1szghUdhsBAe/view?usp=drive_link"",""Syllabus|https://drive.google.com/file/d/1cXT1-r1mPu2fzEONOQFLm1vUSdBTbUg8/view?usp=drive_link"""

"Semester 5,Discrete Mathematics,""Unit 1|https://drive.google.com/file/d/1zpKJovcNO8Zp66UpUCa8tUQikMacXsXK/view?usp=sharing, Unit 2|https://drive.google.com/file/d/1Th9u67cQE4yzeyhhJYCxJl6BJl1HNZhF/view?usp=sharing, Unit 3|https://drive.google.com/file/d/1krdB5eT5AiYytXyBe2r7nYKXBfQwYzgL/view?usp=sharing, Unit 4|https://drive.google.com/file/d/122Co1MD6QXuDz06mwM5BQ6hfDb6cCskz/view?usp=sharing, Unit 5|https://drive.google.com/file/d/1FswS0v8KLHOD07ZXS_Rl-uvi3aWDD52X/view?usp=sharing"",""2024_MAY|https://drive.google.com/file/d/1JUDGJFoOLaQnu-UQxy3k0WvvpXdmLxSb/view?usp=drive_link,2024_NOV|https://drive.google.com/file/d/18Zu9JFHcNVOygfpVhkfY-AOYNpE_a_-j/view?usp=drive_link,2024_JAN|https://drive.google.com/file/d/11C391JOuJf5kqD3yiqBC9X08Lf7RyPYD/view?usp=drive_link,2024_JULY|https://drive.google.com/file/d/1vToTLbDoAO6926C41Uh6m_032q5rZ1sa/view?usp=drive_link,2025_JULY|https://drive.google.com/file/d/1oErUbyokZB3Mb9KN__aOslKJd4BYHD-G/view?usp=drive_link,2025_JULY-B|https://drive.google.com/file/d/1rLt01SOfacQh_GAoDIMgiG_Zd7djPqVb/view?usp=drive_link,2025_MAY|https://drive.google.com/file/d/1VwuKKvzeMwFwfatlokpP03g7plqn-6b9/view?usp=drive_link"",""Syllabus|https://drive.google.com/file/d/1gDVdk_jNfXjS7dDP1sHFS5K-ISj4uY9b/view?usp=sharing"",""prof v poongothai"",""Unit 1|https://youtube.com/playlist?list=PLpztlsGH3psvx465TOPT3_vqiThWycERN&si=Kh60FtwLICKUilWG, Unit 2|https://youtube.com/playlist?list=PLpztlsGH3psui9UVwMEvGAym0sfRplKpq&si=fQa9Ns8M-PB2aUqw, Unit 3|https://youtube.com/playlist?list=PLpztlsGH3psuxk-W_rusLXT7mgXhahvG4&si=eGCMgtBdAUPu8m8q, Unit 4|https://youtube.com/playlist?list=PLpztlsGH3psv-sW838CLFwaoOE7vHPT0T&si=PBebK-e6cdw18e88, Unit 5|https://youtube.com/playlist?list=PLpztlsGH3psvQF-qRC_uKR5vFkXaCNXcT&si=IB6fQfe4vX_8b99A"""

"Semester 5,Electronics Circuits and Systems,""Unit 1.1|https://drive.google.com/file/d/1RhG9iB-O4bGBxSVOnCCulf1S9NSI7uoP/view?usp=drive_link,Unit 1.2|https://drive.google.com/file/d/1sr1GUdNvGsRs7B1fKUu9K_P1qmpFrCRW/view?usp=drive_link,Unit 1.3|https://drive.google.com/file/d/1hqC68bZ5dEhrmGJV42CVviplQa-VdcW_/view?usp=drive_link,Unit 2|https://drive.google.com/file/d/1kIJ2z8GUD3E7q8wyBNd0M7xK_w-Mit18/view?usp=drive_link"","""",""Syllabus|https://drive.google.com/file/d/1dUXFWNs58WssG5JWaboqTwU_z0cSMwSf/view?usp=drive_link"""

"Semester 5,Embedded System Design using Arduino,""Unit 1|https://drive.google.com/file/d/1VHhwUYJAaSd8jpwito5hSg3OqSbJ2-YN/view?usp=sharing, Unit 2.1|https://drive.google.com/file/d/1XEOk9VhL-DFigB33alC0JueBY6M_Mo_t/view?usp=sharing, Unit 2.2|https://drive.google.com/file/d/1TzOvYmbdY2KKy-Elzy-rRH4Sex1eHtHL/view?usp=sharing, Unit 3.1|https://drive.google.com/file/d/1Vx7T8paF0BTPXxQK0tULYTjZKPL9p4K6/view?usp=sharing, Unit 3.2|https://drive.google.com/file/d/1cg8V_Ffed2Orn7Vi8vasNO-L13gqBp5l/view?usp=sharing, Unit 4|https://drive.google.com/file/d/1_97esjS_MUDNJvrDDZOlXwNNQHRYhe0o/view?usp=drive_link,Unit 5.1|https://drive.google.com/file/d/1nHlhR7XnfR7tnDqEx2sRfx4zz-FMg4Yy/view?usp=drive_link,Unit 5.2|https://drive.google.com/file/d/1iX747pWS4xqW4Wv556mmTtVBZcBLdSgE/view?usp=drive_link,Unit 5.3|https://drive.google.com/file/d/1ltuIg9_HjXkMsVQQHxISz8fQM31I2drZ/view?usp=drive_link"",""2024_NOV|https://drive.google.com/file/d/1XpZ0APJdK2tu45zcqX1cj4m71_nEJ92w/view?usp=drive_link,2025_JULY|https://drive.google.com/file/d/1ahaEvHwOZ7_MuKzTwfmz9n4kUpJk6usk/view?usp=drive_link,2025_MAY|https://drive.google.com/file/d/1QMcdlO-QrT-uciv4s4XXZ5OSNcLmjLL4/view?usp=drive_link"",""Syllabus|https://drive.google.com/file/d/1Myn26LkqPui4lbWq4yGzV3Laa5DNLfOj/view?usp=sharing"""

"Semester 5,Environmental Hydrology for Data Science,""Unit 1|https://drive.google.com/file/d/1I-iyokdL_pgr4EyIcfuu8dThdJ91Rzqa/view?usp=drive_link,Unit 2|https://drive.google.com/file/d/1eXcSjlcqf_fYwz60BIyTY4tb3L2rEDfV/view?usp=drive_link,Unit 3|https://drive.google.com/file/d/1L1pAeKzQWxBjTD9OqDuX_elnHiYClz_Y/view?usp=drive_link,Unit 4|https://drive.google.com/file/d/15luyLEWWUTYHPhWQZ0YQ4BCjiq5i9BWJ/view?usp=drive_link,Unit 5|https://drive.google.com/file/d/1M79WO2DHtLL18u0GjeEyIe2Nz7GBGAmw/view?usp=drive_link"""

"Semester 5,Environmental Impact Assessment (EIA),""Unit 1|https://drive.google.com/file/d/1uyF4vojpJV2LN_H_-q0E039njNmN-VVs/view?usp=drive_link,Unit 2|https://drive.google.com/file/d/1osaIvRod_XTytLrUFF1HnSxUiXkinpZX/view?usp=drive_link,Unit 3|https://drive.google.com/file/d/1ESZIIbhto-MTtffDoJEan3vx6H195TrX/view?usp=drive_link,Unit 4|https://drive.google.com/file/d/16xhX83tosjHevgnOBWhKg5Cwgn5r4nuY/view?usp=drive_link,Unit 5|https://drive.google.com/file/d/19VSh9XeR_q10BHmZqrtwLs9TX_wThglr/view?usp=drive_link"""

"Semester 5,Formal Language And Automata (FLA),""Unit 1|https://drive.google.com/file/d/1bDkKr5xQGNf1zCuFAHabQNcjgC4Svxg3/view?usp=drive_link, Unit 2|https://drive.google.com/file/d/1CWij4W4GEL3F7tWfDJ-bWQbfKAOAlh_B/view?usp=drive_link, Unit 3|https://drive.google.com/file/d/1jrrq-tmJ-XRB4dLxnHy0pgvXy1tbXvPW/view?usp=drive_link, Unit 4|https://drive.google.com/file/d/1oW9kes2r6LhJDBc__0tVPUIE2SCRMIcv/view?usp=drive_link, Unit 5|https://drive.google.com/file/d/1sFJ2lUxRNvr_LKjUWurqm_XU148fSdfY/view?usp=drive_link"",""2024_JULY|https://drive.google.com/file/d/1c1YIeE86X6yssnq76W_9blUhmSgMviaF/view?usp=drive_link,2024_MAY|https://drive.google.com/file/d/10wCYcnUFPoEbbK5uMk7uiZA0v-WYBPKH/view?usp=drive_link,2024_NOV|https://drive.google.com/file/d/15mOkeLYKARcLE4ZRMuRryPIo05UuqLef/view?usp=drive_link,2025_JULY|https://drive.google.com/file/d/1_wV9bipX-_lEhPenF-ZL4vROzJuh56Z6/view?usp=drive_link,2025_MAY|https://drive.google.com/file/d/1XjfyPxSJ0DBOD3bu3anbbXQoGY89WPdt/view?usp=drive_link,2023_NOV|https://drive.google.com/file/d/1aJGG_Wg803FXMKXT8vecJrVIUi5uJQxT/view?usp=drive_link"",""Syllabus|https://drive.google.com/file/d/1f8jtL08U51jBhCba_uRTuU9EUzJztrJG/view?usp=sharing, Important Topics - Sheets|https://docs.google.com/spreadsheets/d/1xEXmImjf_iVgmpARuiNOzfQX5z4WvC1H/edit?usp=sharing&ouid=108684928990653486412&rtpof=true&sd=true, Important Topics - Docs|https://docs.google.com/document/d/1YD9rObvWitnqOxW_wcjU8aLjG83Ezihc/edit?usp=sharing&ouid=108684928990653486412&rtpof=true&sd=true"",""Anita R"",""Full playlist|https://youtube.com/playlist?list=PL6xbXi2C3sePDwyboAcu7l1UYuUT2SWYd&si=NEuk8UQUR2yxztFz"""

"Semester 5,Full Stack Web Development (FSWD),""Unit 1|https://drive.google.com/file/d/1rvrn7pzfWTSWQQwdTh30QjEknRKkrIP-/view?usp=sharing, Unit 2|https://drive.google.com/file/d/1ubL6jw5dWNHJZRcMjq9-Lt4nC7MP203K/view?usp=sharing, Unit 3.1|https://drive.google.com/file/d/1ZzItlLsGyuJ5i9mCNecLXoGEr9JWtCm_/view?usp=sharing, Unit 3.2|https://drive.google.com/file/d/1ucg2cNeObnhHMytYNIWfx5V0ML_Z9EIO/view?usp=sharing,Unit 4|https://drive.google.com/file/d/1FKrWRjRGkcgUQTNe2ksaZ65uRef3a_vc/view?usp=drive_link,Unit 5|https://drive.google.com/file/d/1y6BrNGwtWaoKC0tU5Wp_dlDa2HA7T3zx/view?usp=drive_link"",""2024_NOV|https://drive.google.com/file/d/1siYzkBus8Ka_mrdvdW01Jv3O1_AzTK4W/view?usp=drive_link,QB Unitwise|https://drive.google.com/file/d/1EPkZFinhNu-fDa7NTHJjD-hzXyzCk1Hq/view?usp=drive_link"",""Syllabus|https://drive.google.com/file/d/1KuQBP5yMglfucaujvSDSv-hNog7EnktY/view?usp=drive_link"""

"Semester 5,Genomics and Manipulation,""Unit 1.1|https://drive.google.com/file/d/1F4_nEF51kHjQiL__nxr6e4A9WPLRweYn/view?usp=drive_link,Unit 1.2|https://drive.google.com/file/d/1XqNg3FmJOjoSSb3O5FYa6TDIbVFqR6qG/view?usp=drive_link,Unit 2|https://drive.google.com/file/d/1qTdCP4kpbE3Hzku8Kcvg34FfGivG9Ya1/view?usp=drive_link,Unit 3.1|https://drive.google.com/file/d/1w2RFb2c2TuZrzKIX0KG6NMXVLBUQ7s1K/view?usp=drive_link,Unit 3.2|https://drive.google.com/file/d/1oXB8EFHAMvZiXsar0gyjKiSz4N_QAQMx/view?usp=drive_link,Unit 4|https://drive.google.com/file/d/1T8axVSK6BDEJP2EWy3yajVItcHMJtNIy/view?usp=drive_link,Unit 5.1|https://drive.google.com/file/d/1A8pfdt0Jiiu7t5Xn1U5yAYjrnIlppOxy/view?usp=drive_link,Unit 5.2|https://drive.google.com/file/d/1Z7MdZJJWwmR_wdOUTYX5_kzOODroyhMQ/view?usp=drive_link"""

"Semester 5,Global Warming and Climate Change,""Unit 1|https://drive.google.com/file/d/1cIDBuoj_PUwUXyYja3RpPQVhR0DLF7Qq/view?usp=drive_link,Unit 2|https://drive.google.com/file/d/1wEKhCT9T0QmyhmbiNnOeBJTgPuWZ_BOj/view?usp=drive_link,Unit 3|https://drive.google.com/file/d/1Jd7sbCH2a3pC2QZzhfuuiJTpRM7Lq4Br/view?usp=drive_link,Unit 4|https://drive.google.com/file/d/1mddgzswo5vYytVOLT-7UxNT6-mOJSxmy/view?usp=drive_link,Unit 5|https://drive.google.com/file/d/1eiiziaL63nxZRiUoKMfi0bp3nLuJeVjI/view?usp=drive_link"",""2023_DEC|https://drive.google.com/file/d/1k8LNp-S0Xft8ZdpOehutbbuSnvRsgut-/view?usp=drive_link,2024_MAY|https://drive.google.com/file/d/1VfyNVQNUY3yZ_JxR_6Q04aC-5coQd9O8/view?usp=drive_link"",""Syllabus|https://drive.google.com/file/d/1YGUkNrnuN-vs9aq4BmpFsElZpRPfnD98/view?usp=drive_link"""

"Semester 5,Immunology,""Unit 1|https://drive.google.com/file/d/1sk0-9Py8K3T-bwj7MrF420ADh69hth7t/view?usp=drive_link, Unit 2|https://drive.google.com/file/d/1mtsyYNAuj4KnVElRxFuwQpKJdyiBJXkN/view?usp=drive_link, Unit 3|https://drive.google.com/file/d/1enqS1ukYr_cCJbBBFRKbVULCQNVUWMa7/view?usp=drive_link, Unit 4|https://drive.google.com/file/d/1QFVnLbJtGLY5CXdLTBFOtYGfjpUfjH_1/view?usp=drive_link, Unit 5|https://drive.google.com/file/d/1SQaQhuxzv8b2nzCk03-gbUIHL-3KH4IS/view?usp=drive_link"""

"Semester 5,Industrial Waste Management (IWM),""Unit 1|https://drive.google.com/file/d/1BFAqmah4FNG-JRPYdaWWMo_yVmYdepEI/view?usp=drive_link, Unit 2|https://drive.google.com/file/d/1DGNtnew5TeB9ZOZjpv7sV-UDp5bdkuzW/view?usp=drive_link,Unit 3|https://drive.google.com/file/d/1JtsIyGd69hRL770rpIfDeAELO-OyYLtN/view?usp=drive_link,Unit 4|https://drive.google.com/file/d/1nozjZE0ITJe8QkNgN35uxEIho0pxR7Xr/view?usp=drive_link,Unit 5|https://drive.google.com/file/d/19ffeOe7NqmOsZSOAZxNJJ3EKYF8pfrnC/view?usp=drive_link"""

"Semester 5,Information Storage & Management (ISM),""Unit 1|https://drive.google.com/file/d/1U-vYSBMO-_oNfNZAFWsNKEM-q0AIkZau/view?usp=sharing,Unit 2|https://drive.google.com/file/d/11ia1hTEKuewa0Mn0Nzh9p9zb3bFwpiB8/view?usp=drive_link,Unit 3|https://drive.google.com/file/d/1PkewkTeUcTxt6nwhOO0zLV4xSkzqrZvf/view?usp=drive_link,Unit 4|https://drive.google.com/file/d/1A6kvXIzLsl0BlwblRU3mWLCz8oyhBR4r/view?usp=drive_link,Unit 5|https://drive.google.com/file/d/1521WQHVbw98UpLnqnOlYNOJCjzodom3p/view?usp=drive_link"",""2022 to 2023|https://drive.google.com/file/d/1yNrNY0U8tvjhXD2VxlC-fIRnuEoN1xeu/view?usp=drive_link,2024_JULY|https://drive.google.com/file/d/1IN0PhIbygxtCedqlit96mlxa892puhyg/view?usp=drive_link"",""Syllabus|https://drive.google.com/file/d/1YaHAQYP1rPm4bEErBadJGvGSEChSz4HZ/view?usp=sharing"",""Quick Revision"",""Full playlist|https://youtube.com/playlist?list=PLe9wupcNUcNyrOkHgj-20dHUr3FrcAT2s&si=-OYs6_QjJ7ULMVGS"""

"Semester 5,Integrated Waste Management,""Unit 1|https://drive.google.com/file/d/1v2-17YMbqIvmzFBdu0EVfgApGMIgota6/view?usp=sharing, Unit 2|https://drive.google.com/file/d/1LmA-73H2JBB5BT4GR39UKn_3TZiuvF6C/view?usp=sharing, Unit 3|https://drive.google.com/file/d/1FdEszboM0aheoF7n3BJBn2Y5SvqVJAyo/view?usp=sharing, Unit 4|https://drive.google.com/file/d/1hK6wBYSS5IyZ7xJw3XJqU7J2A-H1iy4j/view?usp=sharing, Unit 5|https://drive.google.com/file/d/1ApDD-10dUY4HEtly7zFAgApXlZYp9NCu/view?usp=sharing"",""2025_JULY|https://drive.google.com/file/d/1vAj5CJhaFz8SXlmQOojVS1THyqBFO1fc/view?usp=drive_link,2025_MAY|https://drive.google.com/file/d/1eKJXxjIlHK54qK9rCkNrWAmtfAnMCDiL/view?usp=drive_link"",""Syllabus|https://drive.google.com/file/d/15t2phMN-GCr5Cjscb4qXXD4VURsKX3DP/view?usp=sharing"""

"Semester 5,Machine Learning (ML),""Unit 1|https://drive.google.com/file/d/1bqy30qokwXhoTvp4O8UkqDVlrRvudfv4/view?usp=sharing, Unit 2|https://drive.google.com/file/d/1KS5O8hQiupXTcyUYatClvXrRL8lo6e3b/view?usp=sharing,Unit 3|https://drive.google.com/file/d/1sAkIphuIGU_5CMJJ0uCc9xkkHk8CXHtV/view?usp=drive_link,Unit 4|https://drive.google.com/file/d/1e2tZml4vuCathOvXk5011U0cEOjTit_P/view?usp=drive_link,Unit 5|https://drive.google.com/file/d/1EuQAS4tdbrFFAuZnNt5x8nW-mBFHWGzK/view?usp=drive_link,Video Lecture Links|https://drive.google.com/file/d/1KlCReMibsSHJSFHrO1BqJbbluA5e2ioT/view?usp=drive_link"","""",""Syllabus|https://drive.google.com/file/d/14kTyLuvON-WCJO5u60A159SltXAeXUcY/view?usp=drive_link"""

"Semester 5,Metabolic Disorder,""Unit 1.1|https://drive.google.com/file/d/1cRnDRlRkO_kjoBH-FQQfHNFe5D2JjGu1/view?usp=drive_link,Unit 1.2|https://drive.google.com/file/d/12_8fsiU7SCUda3xGz-G5nthwd0jzZbH_/view?usp=drive_link,Unit 2|https://drive.google.com/file/d/1fm0F6aGbdPlYlVYMDIdcMxVh5V2cp47O/view?usp=drive_link,Unit 3|https://drive.google.com/file/d/1EuDdJSDHZsVMFGzPNOOof-ElGgeAH2yJ/view?usp=drive_link,Unit 4|https://drive.google.com/file/d/1pi1QzszIkz1t4ePwLTPUlhOyZ3o03CLT/view?usp=drive_link,Unit 5|https://drive.google.com/file/d/104fbqr3dee8CL-vQYgaKdAJTImhEJBgM/view?usp=drive_link"",""2024_NOV|https://drive.google.com/file/d/1xPy0pN0wwQvZoN_k_qv0esTdXPyg4R-S/view?usp=drive_link"""

"Semester 5,ML for Data Analytics,""Unit 1|https://drive.google.com/file/d/1IGFhlylJShGcvZlvdz1jGTUMhSHXSyLW/view?usp=sharing, Unit2|https://drive.google.com/file/d/1mzEVNUoPw7uHAmQRYbu0BuxWBL48tSgb/view?usp=sharing"","""",""Syllabus|https://drive.google.com/file/d/1x2sL4fGcvOPXBzsHX7iAnCs5N3Y7xLeC/view?usp=sharing"""

"Semester 5,Nanocomputing,""Unit 1|https://drive.google.com/file/d/1FJD8Ksjxaxuwh4j8z4ueLIDyyLuisGv5/view?usp=drive_link,Unit 2|https://drive.google.com/file/d/12GRrIQYCQWf9j8kR2N9uhOVVdPuTdrW7/view?usp=drive_link,Unit 3|https://drive.google.com/file/d/1vGbx5bYkhAE2bB-6YT-BKrE0JAJPw4eQ/view?usp=drive_link"","""",""Syllabus|https://drive.google.com/file/d/1xOiAfBXd1JFQrPFy-8KaxEZwo2ALz5n2/view?usp=drive_link"""

"Semester 5,PCB manufacturing and Design,""Unit 1|https://drive.google.com/file/d/1jaOjakZe4QSz7X6HNMbnhVvr0gu6urVo/view?usp=drive_link,Unit 2|https://drive.google.com/file/d/1jQZDS09llRVShlZnYxnhiWfleC6juGYt/view?usp=drive_link,Unit 3|https://drive.google.com/file/d/1DKl58OIyLeDd7YjCykjU4ll3fL8IbRF-/view?usp=drive_link,Unit 4|https://drive.google.com/file/d/1DtzQPcrvKuflIt2RyQqVCMydla1cIbXk/view?usp=drive_link,Unit 5|https://drive.google.com/file/d/11JH0clCK7uc7oDgMxzvA3rghNW4vgkBL/view?usp=drive_link"",""2025_SEP|https://drive.google.com/file/d/1PA9FkNq_xaC7Bs0o3xJ4bk_6cBmIO1Sz/view?usp=drive_link,2025_JULY|https://drive.google.com/file/d/1uaz-Mi8np3HErv1Hxi7gvIsqDWCyrPfD/view?usp=sharing,2025_MAY|https://drive.google.com/file/d/1BTO5k-r4M9cGv8uzCFekax_bOKKR9V7E/view?usp=drive_link,2024_NOV|https://drive.google.com/file/d/1AthSoydlx80Zqo_QyQrEYQuIX7xnY1hh/view?usp=drive_link"""

"Semester 5,Principles of Sustainable Development,""Unit 1|https://drive.google.com/file/d/1ke0vYbuwQ05pRWZcb8cc7THFu3onw50N/view?usp=drive_link, Unit 2|https://drive.google.com/file/d/1MBLkcHIQotfQ9DccyjvlMr2yu7M-92W_/view?usp=drive_link"","""",""Syllabus|https://drive.google.com/file/d/1w1RzD3w-AYHGzska0nrvblOfOv0yfe0C/view?usp=drive_link"""

"Semester 5,Protein Engineering,""Unit 1|https://drive.google.com/file/d/1C-gTS0Wodpc66yEwH_5A2t5OF-eX9AxK/view?usp=drive_link,Unit 2|https://drive.google.com/file/d/1GOtCjK0GNzuMQNxt2OpXkIqDAjsUelpR/view?usp=drive_link,Unit 3|https://drive.google.com/file/d/1rn0X7GZD_GNldIYyQsIS7LibkLzMD9qY/view?usp=drive_link,Unit 4|https://drive.google.com/file/d/1vN5XUGhaF5mhvQBH8JFl083PR3fs3nVY/view?usp=drive_link,Unit 5|https://drive.google.com/file/d/1nV8G7-7Rj_R9fWSeaIqK1verE18TDTz9/view?usp=drive_link"""

"Semester 5,Remote sensing and GIS applications in Engineering,""Unit 1|https://drive.google.com/file/d/1HDcncCW2uL3R9iKmaAZIF0p2aWZzLmax/view?usp=sharing, Unit 2|https://drive.google.com/file/d/1wrFNwB1Z-hQ1WsH_j_Z262BbmetIDBef/view?usp=sharing,Unit 3to5|https://drive.google.com/file/d/174mun-wZ6z9ykC8CAay6WdlBvo11ys3X/view?usp=drive_link"",""2025_May|https://drive.google.com/file/d/1Lft5Too4ToT94qHjpbnsDp3JYkV6nkfO/view?usp=drive_link"",""Syllabus|https://drive.google.com/file/d/1cvupjIhj_uAuOWfBD1q4WzmSMU-oZVw_/view?usp=drive_link"""

"Semester 5,Renewable Energy Sources and applications,""Unit 1|https://drive.google.com/file/d/1xT1dw288IZwQD_KEIk8iyGaRV4IjgKdg/view?usp=drive_link,Unit 2|https://drive.google.com/file/d/15jGWiPGOO_CnpyLcfx3Kv5G5agwMR0EA/view?usp=drive_link,Unit 3|https://drive.google.com/file/d/1QtcQT58NvV5dK3KqjV6mkIsinslvk7H-/view?usp=drive_link,Unit 4|https://drive.google.com/file/d/1rq43T9HmDagJ87W0yGzdgNQbUj0yOwzH/view?usp=drive_link,Unit 5|https://drive.google.com/file/d/1mG46h-yzBeNTzRIgNopXAYVyWG6Aa485/view?usp=drive_link"",""2025_NOV|https://drive.google.com/file/d/1zgT4XtL_td1OzRyuVD-06JtZ0l76n1fB/view?usp=drive_link,2025_MAY|https://drive.google.com/file/d/14QdsxkziqigOh_4Rr_I_DYnL8t_GQx4v/view?usp=drive_link"""

"Semester 5,Reverse Engineering,""Book|https://drive.google.com/file/d/1SQBCfPxeXWmvJa1W3oBrdS7By8qZC2w1/view?usp=drive_link"","""",""Syllabus|https://drive.google.com/file/d/1CXu5Z3k0Qrn88gkI0U0GqcybqhroRniT/view?usp=drive_link"""

"Semester 5,SDWAN Networking Solutions,""Unit 1|https://drive.google.com/file/d/1sJV9mLEk08SWQjQCMAQrJCj2ZmBx4FGJ/view?usp=drive_link,Unit 2|https://drive.google.com/file/d/1ZSt_1cj4r_9e8NT3zDK8Ri6c_XoaJctX/view?usp=drive_link,Unit 3|https://drive.google.com/file/d/1R6KemsnRkLLGxvjW-Wzw4SfibF54B5DO/view?usp=drive_link,Unit 4|https://drive.google.com/file/d/1-aNTRasxZSyZZOUAhjoL7GXk8Cq3nFXk/view?usp=drive_link,Unit 5|https://drive.google.com/file/d/1ES2jDSN0mUwnjtwTDH2XRqIs_0FrJLnt/view?usp=drive_link"",""2024_NOV|https://drive.google.com/file/d/1-nBpPOcsMGj9lH18R1E3KHno2aAdzb4D/view?usp=drive_link"""

"Semester 5,Security Governance Risk and compliance,""Unit 1|https://drive.google.com/file/d/1C_WJ5U8n96J8R_Lfejpnjn6IH3T1ApQO/view?usp=sharing, Unit 2|https://drive.google.com/file/d/1N_iv2OlESimWvJrleftlg7Cpl1CkqVw0/view?usp=sharing, Unit 3|https://drive.google.com/file/d/1CmDBFUNnT98CJ-ZI3W5o7XjHgI6mpvuN/view?usp=sharing, Unit 4|https://drive.google.com/file/d/1hesICYACgWEP0BbJIXl5a8IWuCYyJSJ4/view?usp=sharing, Unit 5|https://drive.google.com/file/d/1paKFzBoW85-1yICMaI4Jk_7CEKeohslr/view?usp=sharing"",""2024_NOV|https://drive.google.com/file/d/1E6P0F1gxIPj2m-BXjESy0K5Hj1qWLgPb/view?usp=drive_link,2023_JUNE|https://drive.google.com/file/d/18qQQ_D0KvkLR1bGZ6UsCxxq70pSuK2bi/view?usp=drive_link,2024_MAY|https://drive.google.com/file/d/1p-CNO29OsxpjWkiqxQf2pdIcCHHRYgv8/view?usp=drive_link,2025_MAY|https://drive.google.com/file/d/1cAy0Bvbrgmuhqf96iaLccuJnIsZ2bqws/view?usp=drive_link,2024_JULY|https://drive.google.com/file/d/15QXARAXKmuLjbZ8czTRudJh-L3QXZ0Yu/view?usp=drive_link,2024_NOV|https://drive.google.com/file/d/1TfLzt8zrpj5EQq2HqrqfPJZpgEV9FO2C/view?usp=drive_link,2023_NOV|https://drive.google.com/file/d/188pM_6xPt4GCI_B-4xgknOqLqguV4GfN/view?usp=drive_link"",""Syllabus|https://drive.google.com/file/d/1K9zybyNoMhnBwx-4DcO3h7dyRGuIJq7G/view?usp=sharing"""

"Semester 5,Security Management,""Unit 1|https://drive.google.com/file/d/1sKBYop9BwwPdpIitgyHFoIfZafPIvEln/view?usp=sharing, Unit 2|https://drive.google.com/file/d/1WPIWWjKhEU4OOwI4sOlJUSSlAFJ9nsEo/view?usp=sharing, Unit 3|https://drive.google.com/file/d/116L0_bUKWjbZ8fU0KwIK2NTnvErdEHC1/view?usp=sharing, Unit 4|https://drive.google.com/file/d/1IwAYsy9fuFtI0ogcvOTu7sdJOYiderXi/view?usp=sharing, Unit 5|https://drive.google.com/file/d/1WKBb86qlws-OQ29ZuZ_geIAeQeN4KhtN/view?usp=sharing"",""2025_MAY|https://drive.google.com/file/d/1bV9-8TTYoPt6U-Oj4zn6Si_mdc99INMm/view?usp=drive_link,2024_NOV|https://drive.google.com/file/d/1BxQzCQ9Zi6XhG1Os0jJRY9D90ok2P5KJ/view?usp=drive_link"",""Syllabus|https://drive.google.com/file/d/1QMXaQ0wUvr-Zoy8pFYSdtEbbvpMPY-vX/view?usp=sharing"","

"Semester 5,Security Risk Management and Principle (SRMP),""Unit 1|https://drive.google.com/file/d/1kV5yc2kojaiqvUQOKBANIp9ZQ2AZWVqx/view?usp=sharing, Unit 2|https://drive.google.com/file/d/1n0hcnGBb1Bw1vTVurGphDy-SXolIoyn4/view?usp=sharing,Unit 3|https://drive.google.com/file/d/1J364kEIi7qZuy4cEbJe_0R-nR_t7M5RH/view?usp=drive_link,Unit 4|https://drive.google.com/file/d/1F1YOKq30FRad8XxcCChaMWNhK25bq1HR/view?usp=drive_link,Unit 5|https://drive.google.com/file/d/1WNTB62JLv7xlWyetCVjnskqU-VNSb0op/view?usp=drive_link"",""2024_JAN|https://drive.google.com/file/d/1t3rM7W0irQkWYSHghB0aQKNZydLONEHi/view?usp=drive_link,2024_JULY|https://drive.google.com/file/d/1CHA8b6KXi-Igua1FCdIT4HkPLnsMoCGy/view?usp=drive_link,2025_JULY|https://drive.google.com/file/d/1qpdtayE3fGV73A4KGhlSGtatvNAmmCvr/view?usp=drive_link,2024_MAY|https://drive.google.com/file/d/1nNRBNFVR_Rc8L221rDPpvZQveojct-cg/view?usp=drive_link,2025_MAY|https://drive.google.com/file/d/1vHB31-7J6jBAlMdY3mjrb2C5832xY2Nm/view?usp=drive_link,2024_NOV|https://drive.google.com/file/d/1xQYESUJ1LdoXrJuN4zFZp5YltYoIidfS/view?usp=drive_link"",""Syllabus|https://drive.google.com/file/d/1wuVwATaJdeFOum-5sCmF9s3hppekOAWp/view?usp=drive_link"""

"Semester 5,Short Range Wireless Communication,""Unit 1|https://drive.google.com/file/d/1TE0qwLd1aRs0K5Mxc-SmR_Rmv8WwMMCC/view?usp=drive_link,Unit 2|https://drive.google.com/file/d/1EZaEYhXvzo1HVEhp2aGpCIOv1Jr4Gy-k/view?usp=drive_link,Unit 3|https://drive.google.com/file/d/10fZSc-KJXQ3wjVUcmEFgMIn_e8i6J_dy/view?usp=drive_link,Unit 4|https://drive.google.com/file/d/1Atht7UBhnBQ0dMivxOPKbADf1KMMgYjE/view?usp=drive_link,Unit 5|https://drive.google.com/file/d/1I1LNpk6IzDhQcore2Gk-8HQcMQdQYELi/view?usp=drive_link"",""2025_MAY|https://drive.google.com/file/d/1nCWqijuIPDwFI_mejpfLDtifCPkx1G_R/view?usp=drive_link"",""Syllabus|https://drive.google.com/file/d/1qdpvF29SSHqjKYR9rs_DWlYB1T6GHQy2/view?usp=drive_link"""

"Semester 5,Smart Cities,""Unit 1|https://drive.google.com/file/d/1h6wu6neP1RG22EaYtHJ3erX5yAyGAxzw/view?usp=sharing, Unit 2.1|https://drive.google.com/file/d/155M-suWihiXhDR5U4CJOFS4Ty3zVUl9T/view?usp=sharing, Unit 2.2|https://drive.google.com/file/d/1i_9HYuNYKBrMHxqjwfNmFt1P83vg__qz/view?usp=sharing, Unit 2.3|https://drive.google.com/file/d/1X0WhLHhAqox6E8lOjuhI2rSM7KfK9oS3/view?usp=sharing, Unit 2.4|https://drive.google.com/file/d/1hsDb92Epo_S_wkj9VS7bGQRAc0IE1UaK/view?usp=sharing, Unit 3|https://drive.google.com/file/d/1kz2nkm9dI2T438rUkJo4LMfRwejzS71h/view?usp=sharing, Unit 4|https://drive.google.com/file/d/1JxnrLES_g-wF2y7oemaTMamMTRvSsci9/view?usp=sharing,Unit 5|https://drive.google.com/file/d/1sr0hpOvzqCiKdiWfDML5yplWqQSOSkbY/view?usp=drive_link"","""",""Syllabus|https://drive.google.com/file/d/1jl3uwXKr_BfFyzXVXKQAU0UfCXXxDdK7/view?usp=sharing"""

"Semester 5,Stress Management,""Unit 1|https://drive.google.com/file/d/1Pjx2BNBe12Oi6ojXOG_ll72qEKe-is3_/view?usp=sharing, Unit 2|https://drive.google.com/file/d/1bIbRvRI4c-Zg4VLf91YhSGsESuR-vSjS/view?usp=sharing,Unit 3|https://drive.google.com/file/d/1x1rd55uhB_rqEHVsyxLBE2ERNk45MvOA/view?usp=drive_link,Unit 4|https://drive.google.com/file/d/1moCWcZBkWe7be_2ujDsD2TdAWffPZhBQ/view?usp=drive_link,Unit 1to5 Notes|https://drive.google.com/file/d/1c24VYTIYQ1Ac154nSXzpySSghADYq1Ka/view?usp=drive_link"""

"Semester 5,Waste to Wealth to Wheels,""Unit 1|https://drive.google.com/file/d/1dnXAyKblEXP2mh_2LZ4Nl4BA3w1CPbKo/view?usp=drive_link,Unit 2|https://drive.google.com/file/d/1m5ZhtNZk3pROXLcRAEK4WEVpymEKVdob/view?usp=drive_link,Unit 3|https://drive.google.com/file/d/1WSkmWClZjJh_Xcbu4xKi2HansVHtggUv/view?usp=drive_link,Unit 4|https://drive.google.com/file/d/1dU9RZq552ZXUPYMC2L4nL_UT_EcsDXuG/view?usp=drive_link,Unit 5|https://drive.google.com/file/d/1oW2Os2Fl-xd7XBcmSfgiirP5ZGpnjZuG/?uspview=drive_link"","""",""Syllabus|https://drive.google.com/file/d/1xHUV4He4Ib4RY0t3jOOBZGiWfwTnrTKB/view?usp=drive_link"""

"Semester 5,Water Pollution & Its Management,"""",""2023_JUNE|https://drive.google.com/file/d/1OlVI4_GS5C2KArRIpsZOz5iFDvGtBSaj/view?usp=drive_link,2022_MAY|https://drive.google.com/file/d/1CEOyVnWYsyM5a6B9zeVgkJwm5XukzS_n/view?usp=drive_link,2024_MAY|https://drive.google.com/file/d/1wxPn5cXcYSjdBINu6_o1-4RAjOY5rsKX/view?usp=drive_link,2022_NOV|https://drive.google.com/file/d/10YE0UUTKXa1pJVlIfd7SbBA-swmJmKst/view?usp=drive_link"""

"Semester 5,Wireless Networks,""Unit 1 Numerical|https://drive.google.com/file/d/1q6OqC-r3oDSQJOKf9EWqpkuH2RghvB1j/view?usp=drive_link,Unit 1.1|https://drive.google.com/file/d/1fyifWXwsHyM4ByMbEWMM8rmapXVNXXMz/view?usp=drive_link,Unit 1.2|https://drive.google.com/file/d/1jqthwB_vH1eM_eoM4FV5qAapdjTJ-zal/view?usp=drive_link,Unit 2|https://drive.google.com/file/d/1u6a_bY3mDBNSkmzouLG4uGYdPTNM4cvq/view?usp=drive_link,Unit 3.1|https://drive.google.com/file/d/1AO-j8Yc6ooXHM22jq2wxokkKvLH3xYn-/view?usp=drive_link,Unit 3.2|https://drive.google.com/file/d/1By3dKc-o0gylngilJFYfeCFrNdEsvvt6/view?usp=drive_link,Unit 4 and 5|https://drive.google.com/file/d/1UQxaN25S97exapKqaC5wZ-G3yRqZGIgC/view?usp=drive_link"",""2024_NOV|https://drive.google.com/file/d/1iO3ZKBAnkWceVv_wEW3tT8XJ4JbfvwNS/view?usp=drive_link,2025_NOV|https://drive.google.com/file/d/1lBNbaCLcmTY4_Df-JWSd2AfE2zK8XO8C/view?usp=drive_link"""

"Semester 6,Compiler Design,""Unit 1|https://drive.google.com/file/d/1tdl8NayMXJAtYcj1erc-gDvyHVZ83g7Y/view?usp=drive_link,Unit 2|https://drive.google.com/file/d/1h1hgdi7VkXfPj3ZD7XnpzTFhwk338Z8r/view?usp=drive_link,Unit 3|https://drive.google.com/file/d/1Y5F-dMGsYD6rE7Fu1NXPTvXGdcH59AQ4/view?usp=drive_link,Unit 4|https://drive.google.com/file/d/1LkaFv1xr62caM1KMz3dEFjJYMhbhAgsT/view?usp=drive_link,Unit 5|https://drive.google.com/file/d/1upbeo8lZs1nMhxZkXyegf73ztWuZ6cJu/view?usp=drive_link"",""2024_JAN|https://drive.google.com/file/d/1lzsh9CaVJamxoFNRvdwT3XZOxUVjtrc8/view?usp=drive_link,2024_MAY|https://drive.google.com/file/d/1A2zGpCbdAZ8AHAfVd_LSWi2CYc4DHTn-/view?usp=drive_link,2024_NOV|https://drive.google.com/file/d/1_CLu5Lqh6qCnDnVXO67sMNipfeyfayaz/view?usp=drive_link"",""Syllabus|https://drive.google.com/file/d/1utHdmh5F-hbm9kPqUJr4rwv07H38boEn/view?usp=drive_link"""

"Semester 6,Data Science,""Unit 1|https://drive.google.com/file/d/1hqVDDCpnAVZedrFTtva4-ONNIYg9IT1-/view?usp=drive_link,Unit 2|https://drive.google.com/file/d/1ho92ZHKS9lKfSjZ-Z4eVfNVIvlRIGgyt/view?usp=drive_link,Unit 3|https://drive.google.com/file/d/1LY4wQ8arQOUIZMd9Q1cDIsbYJkTDyhpM/view?usp=drive_link"","""",""Syllabus|https://drive.google.com/file/d/19LOHEGEnjGGwLFknNK3Vqw8w1a6s1zPJ/view?usp=drive_link"""

"Semester 6,Software Engineering And Project Management (SEPM),""Unit 1|https://drive.google.com/file/d/1yXisxKHJ1U0m0jENOBwhuccm15OZFyi4/view?usp=drive_link,Unit 2|https://drive.google.com/file/d/1OMbBW2ZwD7EwioKqiLGg0VjEHMXXSxWZ/view?usp=drive_link,Unit 3|https://drive.google.com/file/d/1tdlszKs-KcwBqqc8ictOgmhmdk6xcPCL/view?usp=drive_link,Unit 4|https://drive.google.com/file/d/1FPpystM8BcsYq-8SVVDZVQ128sArLg6S/view?usp=drive_link,Unit 5|https://drive.google.com/file/d/1zYx-yZ1QERZ0IdHfOKrgIrQQV525aKGY/view?usp=drive_link"",""2024_DEC|https://drive.google.com/file/d/1IVM-Pi-6IxzY9IKu_ObLVPk4AA_058oy/view?usp=drive_link,2024_MAY|https://drive.google.com/file/d/16R2zpndtIrVx0wUYeagr9JQIGoaJRxst/view?usp=drive_link"",""Syllabus|https://drive.google.com/file/d/1yIEaVWVW0deWaGnuMy0HaEclRRDQ1qsn/view?usp=drive_link"""